,제목,작가,별점,조회수
0,어디사세요,차승차박,9.81,72만
1,불손한 친구들,불손,9.88,127만
2,파도의 포말,라떼,9.88,11만
3,나는 0대생,ls-e****,9.80,176만
4,언제나 반짝이는,주주,9.02,12만
5,하루땃따,땃따,9.88,332만
6,나는 곰인이다,Gon3,9.61,51만
7,DOSA: 암행의 수호자들,endA 보리울 이끼곰팡이,9.48,2.3만
8,청춘 모래시계,나루모,9.67,1.4만
9,아빠는 N살,유영근,9.90,"4,758만"
10,숨비야울어 & 소여소설,jane****,9.80,165만
11,신인,던마,9.64,7.6만
12,프라이데이,선깡,9.66,5만
13,곰팡남녀,시미씨,9.90,727만
14,상의원,kimn****,9.88,80만
15,핫캣일기,luna****,9.80,146만
16,부부사기단 늬우스,구영필,9.79,125만
17,INDOC [인독],DUDE,7.73,1.7만
18,머맨백(Merman Bag),윤이,9.79,8.5만
19,다람쥐 란란,하리,9.84,136만
20,제제가 돌봐드려요,아델,9.56,4.5만
21,만렙 할배,soul****,9.86,41만
22,내 담당일진!,하운,8.42,59만
23,고양이와 집사,좋은형,9.78,18만
24,겨울살이,한 겨울,9.64,46만
25,산군대잔치,다영좍가,9.87,444만
26,rock 페스티벌,아리솔,8.01,848
27,불태워라 혼!,푸고문,9.65,2.3만
28,불사소년,유대환,7.71,6.5만
29,호붕빵 아저씨,정다운,9.83,15만
30,나홀로 짠,is****,9.82,56만
31,두억신,john****,8.05,1.6만
32,라이프,닌영,9.71,3.8만
33,제제와 함께,노아,9.49,252만
34,안녕!도깨비야,고랑이,9.77,6.9만
35,소중한 하루를 살다,윤공룡,9.65,29만
36,오늘부터 G.A.B님과 함께 살게 되었습니다,ahnl****,8.27,16만
37,맹랑맘마,jjun****,9.59,33만
38,공동급식구역,청건,9.93,31만
39,30대 백수 외톨이 일기,가바나,8.74,57만
40,페이탈 레시피,tige****,9.22,7만
41,가족입니다.,오로로싸싸,9.41,247만
42,"알고 싶니 마음, #심리툰",팔호광장,9.79,355만
43,고고고,뀰,9.86,158만
44,우주동물원,수지수,9.75,43만
45,안녕오존,오존,9.88,186만
46,조금 수상한 연애시뮬레이션,초록이슬,9.84,"6,982"
47,굥이의 하루,굥이의하루,9.68,152만
48,구나의 그랬구나,GUNA,9.88,154만
49,김치걸 밀크티보이,글그림진,9.86,470만
50,카나와 초나의 독일,카나,9.86,619만
51,부온아페티토_찌맥툰,찌맥이언니,9.89,41만
52,더 히트맨,WOLFY,9.28,8.3만
53,파랑새 죽이기,객식구,9.63,4.6만
54,낯가리는 관종,시논,9.82,733만
55,직장인 다이어리,클락스틸,9.34,265만
56,지배자들,예아,9.75,7.3만
57,루텔,xkaw****,9.89,"1,193만"
58,여대생존기,이빨요정,9.88,510만
59,집에서 뽀짝뽀짝,그랑,9.65,13만
60,X-시점,식봉이,9.14,2.8만
61,봄과 여름 사이,힁,8.92,9.3만
62,오디네리 피플,안카,9.47,23만
63,육아의 계절,bomb****,9.44,33만
64,집에서 뒹굴뒹굴,낭코,9.77,105만
65,미필은 노하이,복면,9.85,"1,590만"
66,별을 향해,직냥이,8.77,8.1만
67,외국 in 한국,wae_****,9.85,"1,052만"
68,재테크는 스크루지,sk****,9.53,47만
69,비타(VITA),pnguin,9.51,5.3만
70,아타나시아,Tana,9.73,64만
71,해체부대,이량,9.56,40만
72,백발의 유성,백바루,9.00,17만
73,후손들의 이야기,셋하나둘은둘셋하나,9.86,35만
74,158동 진상부부,진상부부,9.50,338만
75,누나미워!,쏘토리,9.88,225만
76,제목이 7080 만화,캰듸,9.89,238만
77,발푸르기스의 너머,귄,9.72,12만
78,타챠노트,타챠,9.79,430만
79,연애사색,정니월드,8.66,10만
80,결혼하고 싶지 않았는데 못하게 되었다.,정변,9.85,438만
81,뱀파이어의 연금술,달 심청,9.70,49만
82,북한의 아이,검은흑기린,9.18,125만
83,우리가 되기 위해서,멍뭉,9.34,3.2만
84,가상친구,김호준,9.69,3.9만
85,집에 핀 봄팡이,봄팡이,9.49,19만
86,투헤븐 (to heaven),그림툴,9.49,1.6만
87,언제라도,ekth****,9.89,14만
88,끄아악은 못말려!,끄아악,9.90,10만
89,좀비탈출록 좀순,18****,9.43,1.2만
90,커넥티드 월드,담디담,9.77,3만
91,일상과 망상,닭달이,8.94,33만
92,난봉꾼의 메타픽스,1064****,9.58,5.6만
93,아무도 모르는 마녀,삼월산타,9.40,5.3만
94,우당탕탕 한국어 선생 생존기,휘삐,9.85,137만
95,빨간 고백,야호,9.74,107만
96,카오스이론,노커,9.90,299만
97,노을지는밤,이진성,9.89,51만
98,열여섯과 스물 그 사이,무농이,8.96,58만
99,좀비 플래너,조녘,9.82,172만
100,어둠의 일상툰,도리도리,9.69,107만
101,우리집 강아지는 복슬강아지,luna****,9.87,713만
102,"뭐, 좀 느리면 어때",smfu****,9.54,49만
103,팔천의 독,녹빈후드,9.51,9.2만
104,기억 속 너에게,자니,8.96,41만
105,이상한 나라의 애리스 [단편],지으농,9.34,2.9만
106,자작 보드게임 동아리,서전트황,9.78,685만
107,전직 히키코모리 갱생툰,힝,9.65,79만
108,어쩌다 주짓수,HereC,9.64,82만
109,같은 반 남자애,next****,9.19,19만
110,런어웨이,하제,9.81,544만
111,이데아 프로젝트,upmo****,9.83,195만
112,위험한 후배,니나노,8.53,12만
113,아포피스,밀성,9.70,5.4만
114,오늘의 난,난그림,9.40,68만
115,일월의 선화,모니,9.81,89만
116,보통의 외톨이,다다,9.88,22만
117,인삼류,인삼류,9.47,87만
118,육식 토끼,모순도순,9.75,162만
119,나태한 마왕은 신과 싸우기로 결심한다.,백창훈,9.87,115만
120,별종위기종,herr****,9.77,11만
121,달링은 넷우익,쿠,9.65,154만
122,직업 : 며느리,쿄쿄,9.50,187만
123,곱은 궤,고등어,9.63,"3,885"
124,액터즈 나이트,한겨을,8.53,5.3만
125,도개걸윷모,쏭기,9.58,10만
126,나랑 밥 먹을래?,김은재,9.59,4만
127,좀비다이어리,manb****,9.85,26만
128,연애 고수되는 법,고니,9.80,5.3만
129,사이코 엔젤,현빈,9.36,20만
130,저승길잡이,만동이,9.89,321만
131,불가항성 그녀,낙서장이,9.56,10만
132,파운드캣,poun****,9.89,"2,049만"
133,연하남에게 고백 받기까지 앞으로 30화,디제이구름,9.20,3.8만
134,범고래아가씨,딩폴,9.68,191만
135,21세기 밴드 (21C BAND),야구왕엘비스,6.83,4.5만
136,사리네 보석함,쪼,9.69,"3,710"
137,마피아게임에 어서오세요,함소빌,9.40,35만
138,기억의 해석,녹색머리,8.03,4.1만
139,로로의 일본생활 다이어리,nomo****,9.87,433만
140,우당탕 입큰이,입큰이,9.76,337만
141,무적철인 반대가리,yoon****,8.53,3.8만
142,원래부터 아무것도 없었던 세계,디마,9.84,264만
143,지극히 평범한 생활,슨민찡,9.89,"1,510만"
144,"다시, 닻별",별솜다,6.07,4.1만
145,오마이셋!!!,해빵이,9.86,125만
146,THE,DANZI,9.73,19만
147,소녀순백,카중,8.95,8.4만
148,잘먹는 가,ma****,9.82,760만
149,낮잠 자는 사람들,루미,9.89,368만
150,김작가의 오춘기 그림일기,오춘기 김작가,9.84,139만
151,의자왕 체어맨,김도발,9.21,9만
152,나는 마요 집사로소이다,je****,9.87,431만
153,혼과이치,시단,8.63,2.6만
154,꿈무덤,소너딧,9.78,18만
155,흑묘,우공이산,9.71,619만
156,시크릿가족,crea****,9.87,"1,806만"
157,사랑니(confused),뉸,9.86,194만
158,아빠는 일곱살,그림 독베 글 동이,9.71,2.4만
159,오컬트부 샤를,둠묘,9.38,7.7만
160,충충의 하루,choo****,9.68,73만
161,우리 카페 사장님이 이상하다,춘자,9.91,704만
162,"네, 아직 아파요",skdm****,9.48,46만
163,무한의 구름,도트,8.52,1.5만
164,테이커,tmdq****,9.85,"5,976만"
165,아빠를 위하여,석동연,9.90,273만
166,도망쳐서 생긴 랑데부,육연,9.12,1.9만
167,휴지통,펑크마녀,9.88,658만
168,살아서 만납시다,달숨,9.61,99만
169,과학고 생존일지,윤찐빵,9.81,"1,184만"
170,이 세계 마왕님,케양,9.87,10만
171,한 달 뒤에 죽여주세요,렐터,8.85,1.9만
172,그레텔,자몽소년,9.68,1.5만
173,7942 (친구사이),글 나지 그림 머랭,9.47,15만
174,방구석수필,dksd****,9.90,159만
175,"그날, 우리",사료맛캔디,9.54,19만
176,아틀레냐 비바체,KEZ,9.89,218만
177,우당탕탕 서윗멀즈,금비,9.65,2.6만
178,우주n은하,MojoT,9.85,398만
179,데드리프트,남철,9.81,16만
180,서울신이전,에이리,9.42,10만
181,일상다반사,햄츄,7.67,6.7만
182,별을 품은 꽃,상바별,9.21,3.5만
183,호호도시농부,무화과화과자,9.58,21만
184,살인귀,tmdq****,9.04,41만
185,랜드라이프,yu_h****,9.89,62만
186,일니스,빵봉지,9.66,9.3만
187,H O P E,시에나,9.56,8.7만
188,우리는 그래서 만났잖아_찌맥툰,찌맥이언니,9.82,28만
189,도깨비신선,이갱,9.44,4.6만
190,꽃이 피는 자리,anhy****,9.24,8.2만
191,와더풀하우스,날다,9.57,26만
192,백방구,백면,9.81,10만
193,나는 참지 못한다,성현,9.59,11만
194,다이어트 졸업반,한요정,9.63,32만
195,여명의 등불,김막창,9.39,5.4만
196,광고감독의 발암일기,skyj****,9.65,228만
197,데드 존 피플,SeriousAsianDude,9.71,1.1만
198,교수도 사람이다,SAGA,9.76,395만
199,쌍둥이부부일기,쌍둥이부부,9.87,153만
200,Baby Boy Brother,젠,9.73,67만
201,질주,깡패,9.76,31만
202,3번째 도막,doma****,9.84,61만
203,용사·마왕·우주인,한강새,9.85,410만
204,휨프리,봑,9.08,1만
205,너와 가까워지는 거리,육수,9.74,218만
206,버츄얼 이온,아이스미,7.79,66만
207,미미쉐어하우스,청순한콧수염 봉선화연정,9.60,21만
208,누루누루 음식만화,누루누루,9.90,913만
209,방죽,만조,9.23,4.8만
210,고백점프!,다와서,9.73,1.5만
211,우리들은 미미미,씬양,9.88,48만
212,대리인,위니콧,7.82,"9,693"
213,미스터 신데렐라,박세라,9.79,147만
214,나를 죽이는 방법,제이덴티,9.80,237만
215,마녀의 키스,know****,9.62,13만
216,실험학교,로레오스,9.87,514만
217,루저들의 산티아고,잘생긴루저,9.85,3.1만
218,우리네 이야기,영!,9.74,39만
219,라이즈(RISE),구씨,9.10,4.5만
220,뭉가툰,뭉가,9.72,109만
221,예수쟁이 다이어리,왕두,9.33,103만
222,막내는 다 알아요!,막내,9.72,101만
223,황녀의 기사,MNBLUE,9.83,35만
224,이딴여행,ii****,9.77,275만
225,매우의 방콕 생활일기,매우,9.84,32만
226,카츄샤의 성 -엘리제를 위하여-,GOAT,9.72,2.4만
227,쪼꼼한 일기장,낌꼬,9.67,69만
228,원룸202호,hyki****,8.68,9.2만
229,소라비의 잡화점,정레빗,9.84,59만
230,사랑하니까 부모다(미르 X 우아띵),미르,9.62,23만
231,CMYK,도리도리,9.18,851만
232,일상견문록,잼,9.89,175만
233,꿈에서 만나요,pear****,9.80,30만
234,기계인(機械人),choi****,9.62,65만
235,고인물 연애,comi****,9.82,71만
236,8470원만 주면 KISS 해주는 놈,seul****,9.61,60만
237,코실룩코실룩,수민,9.75,13만
238,눈치없는 내 친구!,윤병,9.79,120만
239,연애 의학,LIS,8.97,4.3만
240,달콤한침략자,치약맛초코,6.82,"4,153"
241,꿈바꼭질,puru****,9.87,21만
242,좋은 꿈 꿔,hang****,8.41,3.6만
243,노른자들,함토리,9.77,20만
244,꼬밍 베이커리,단빵,9.62,51만
245,백일몽화원,안트로,9.70,174만
246,원포인트,잇,8.71,16만
247,좀비랜드,dlsg****,9.57,59만
248,마루하루,soon****,9.80,53만
249,가스맨,불똥,8.54,12만
250,"지몽, 선 너머의 나",윤이,9.60,83만
251,음대놈들,doma****,9.90,2.8만
252,클로시드,박두용,7.77,1만
253,리드래프트,nyom****,9.79,106만
254,별이도령,교묘,9.67,7.8만
255,좀비신드롬,kisk****,9.85,93만
256,Twins Love Story (트윈스 러브 스토리),이햐,9.86,871만
257,어시스턴트입니다,박상빈,9.72,22만
258,더 퀑 스핀오프(The Quanx Spinoff),우너주,9.64,28만
259,죽 쑨 만화,물렁팥죽,9.77,157만
260,새하얀 나비다드,lsy0****,9.60,21만
261,꽃도둑,용개용,9.25,6.9만
262,냥아치 일기,나린이,9.12,7.5만
263,인간동물원,dbsd****,9.79,95만
264,아엠낫히어로,그림 독베 글 동이,9.30,17만
265,오늘도 빛나는 사랑,글 융공 그림 아가,8.98,2만
266,타임머신 만들기,자드나인,9.17,1.5만
267,둘이서 아싸 라이프,릴피자,9.60,30만
268,삼자대면,고냉,9.81,35만
269,이승전결,우유공장,9.71,5.2만
270,림딩동,byoj****,9.72,68만
271,남편봇과 사는법,jb****,9.89,260만
272,소도시에 삽니다,mini,9.89,203만
273,종말의 아신,sana****,7.62,"8,362"
274,모두의 단편선,modo****,9.85,93만
275,순임이,GNA,9.88,72만
276,드림걸즈,thre****,9.10,13만
277,지구를 움직이는 소년들,모조조조,9.75,29만
278,귀신 들린 도시,JUN2,9.87,12만
279,무존재감,점심,9.65,11만
280,나에게도 꽃향기가,ekfr****,9.80,158만
281,제줌마의별하루,nall****,9.74,426만
282,K학원 생존기,choi****,9.64,17만
283,나만 모르는 이야기,moca****,9.68,13만
284,검의계승자,pdob****,9.68,255만
285,악마법소녀,구미호,9.90,176만
286,그때로 돌아갈 수 있다면,p_ma****,8.97,33만
287,사장님은 떡뽀끼!,vmff****,9.66,59만
288,성장통 소나타,1천만,9.89,138만
289,찔레꽃 그너머,heet****,9.80,63만
290,용아,moka****,8.81,28만
291,견생＆묘생,grea****,8.73,10만
292,사자머리와호깜대,jasu****,9.75,36만
293,나의 섭식장애 일기,vldk****,9.83,148만
294,악착같이,toon****,7.57,"9,863"
295,소드마스터의 귀환,바람처럼,8.64,6.8만
296,엑스트라A,식봉이,9.11,5.4만
297,로단테 퀘스트,navy****,9.87,"8,489"
298,내 여사친은 투명인간!,gkc0****,9.41,46만
299,매그니피센트,닌영,9.83,32만
300,소소캣다이어리,soso****,9.71,2만
301,그 냉장고 안에서는,냉친,9.75,78만
302,남의 집 귀한 자식,이은,9.48,73만
303,여신님의 계약남은 불로불사!?,오큐,9.12,2.7만
304,연하는 별로,tige****,9.78,403만
305,낙원의 한가운데서,창해,9.80,"6,031"
306,로마의 법칙,ve****,9.88,37만
307,중딩의 학교생활,오니오니,8.38,72만
308,오버플라워,yjy2****,8.90,1.1만
309,검은 늑대,MOCA,9.87,81만
310,휴르르의 개그만화,op****,9.90,590만
311,요정이다,stra****,9.13,6.7만
312,RPG 999회차 아직도 히든엔딩을 못 봤다,04****,9.04,5.1만
313,위탁가족!,조똘복,9.88,47만
314,기후위기인간,ko****,9.89,63만
315,연기는 처음인데요?!,ljjl****,9.63,16만
316,반오십부터 그림일기,hans****,9.83,125만
317,마드모아젤 드 빈,ub29****,9.01,8.2만
318,헤이쟝,masa****,9.80,29만
319,일상중의 일상툰,일상중,9.54,101만
320,귀현설(鬼現說),sbh0****,9.36,53만
321,정령왕즈,icar****,9.88,828만
322,앨리스 찾기,g010****,9.62,6.3만
323,육아도 경력이 될 수 있다면,ahin****,9.73,93만
324,쓰지만 달콤해,글 융공 그림 아가,9.08,45만
325,문경새재 합격의 길,ji****,9.16,1.2만
326,오늘의 후기,chae****,9.76,"1,683만"
327,모두가 걷는 길,소로,9.84,36만
328,천년나무 그늘에는 도깨비가 있다,do_0****,9.33,9.1만
329,왕깨칠,깨칠이스튜디오,9.27,1.2만
330,집순이에 대하여,dong****,9.79,355만
331,외고생은 왜 고생?,서리,9.25,47만
332,미용사 : LOST HERO,찐만두인,9.65,64만
333,유아독존,석진,6.89,19만
334,호수마을에서 기억나?,폴루루,8.97,6.4만
335,그래도 하루는,mang****,9.88,183만
336,원더키퍼,roma****,9.88,68만
337,신혼식물,생쥐,9.84,288만
338,언터쳐블,한경찬,9.45,2만
339,다시 한 번 리유스!,nuoo****,9.61,8.8만
340,졸렬☆다이나믹,상덕이,9.90,282만
341,바리의 영혼,kkst****,9.18,5.3만
342,포-갓,김퐁퐁,9.89,111만
343,강한누나,멋쟁이,9.50,38만
344,시한부의 첫사랑,kate****,8.74,8.1만
345,신령의 아이,bgyo****,9.69,13만
346,서울아포칼립스,sulg****,9.69,24만
347,카페 타이쿤,gusw****,9.66,128만
348,새벽녘 그늘에 피어난,그늘,9.84,9.3만
349,마지막 좀비,min1****,8.79,8만
350,무선혜드셋 정보툰!!,무선혜드셋,9.87,128만
351,크림슨 크로스,신세기,9.78,1만
352,밤하늘에 피어난,나리,9.00,3.7만
353,종말과의 약속,그냥,8.83,2.6만
354,나의 카이생활,ytte****,9.67,116만
355,이 결혼을 막아라,lawb****,9.89,76만
356,그래도 조금 공부되는 만화,sssj****,9.39,24만
357,임신해서그래,iiii****,9.57,18만
358,양궁부 입니다,haeo****,9.69,70만
359,개구리툰,대,9.20,39만
360,일렉트릭 마이 라이프,PARANSON,9.51,6.8만
361,오늘 하루도 말랑멜랑,아델,9.84,38만
362,선연,kwso****,9.42,7만
363,캠퍼S파이,324,9.72,2.5만
364,봉산코믹스,kimt****,9.77,522만
365,너구리네 육아일기,ms****,9.78,"1,072만"
366,이프위,민디,9.85,53만
367,데빌사위,devi****,9.72,11만
368,발버둥치다,dong****,9.88,349만
369,낫론니 포레스트,김물범,9.86,34만
370,마족사제,김로델,9.89,343만
371,손 안의 너,biob****,9.80,56만
372,컬러풀(신세기 단편 동화),신세기,9.88,"7,231"
373,이런우정,usoa****,9.83,150만
374,하리랑에그타르트,iqze****,9.90,317만
375,펜타가드PENTAGOD,지마,9.71,8.5만
376,계약 연애 제1수칙,summ****,9.38,23만
377,골치 아픈 연애,우개,8.65,4.8만
378,아이엠,a_ch****,9.61,115만
379,마음,하프03,9.40,3.5만
380,용사연구소,rdch****,9.70,6.3만
381,이래서 애들은,dksk****,9.89,196만
382,찌복툰,nylo****,9.57,14만
383,이상기온,womp****,9.53,8.5만
384,싱글맘맘이야,gima****,9.92,903만
385,[일상 로맨스] 그냥 선생님,just****,9.88,242만
386,베텔게우스,중력,9.59,46만
387,중간계 사우나,jh_2****,9.81,146만
388,감성 다방,사과 sagua,8.81,6.3만
389,가영실장,whal****,9.66,80만
390,너의 뒤에서,samp****,9.68,16만
391,카르엘,qhdu****,7.60,8.9만
392,동정차별,miso****,8.84,2.8만
393,500원 토끼,toma****,9.74,663만
394,이래봬도2학년,drea****,9.78,345만
395,결혼잔혹사,choj****,9.74,60만
396,죽탱이,imlu****,8.20,35만
397,육식고,hann****,9.51,26만
398,고막남친,haor****,9.49,13만
399,귀신갑사,dmsq****,9.26,4.2만
400,HAPPY BIRTHDAY,oliv****,9.68,4.1만
401,전셋집 꾸미는 만화,예묘,9.82,55만
402,꽃자국 길,ro****,9.85,4.8만
403,킬링타임,cm_b****,9.85,86만
404,일찍 자고 일찍 일어나기,reia****,9.90,486만
405,모란향 아득하노니,issu****,8.79,1.5만
406,랭커앤랭커,티영,9.79,200만
407,메탈소울,홧찻차,9.65,1.8만
408,똘기들,meos****,8.84,3.9만
409,말의 씨앗을 보는 아이,mumu****,9.69,6만
410,썸데이,감마,8.45,3.7만
411,시놉시스,조이나,8.95,5.8만
412,나의 수상한 행성,salg****,9.83,269만
413,화분,qksc****,9.89,100만
414,나비의 세계,forest,9.66,8.5만
415,익명의 기억조작단,도화,9.49,3.5만
416,고로나 바이러스,geum****,8.14,13만
417,일루전랜드,yeon****,8.43,"5,718"
418,체리 블러드,en****,9.45,27만
419,락 윌 네버다이!,mong****,9.57,"4,355"
420,개판오분전,도화지,9.66,125만
421,두 번째 영웅,vhzp****,9.50,7.4만
422,소환진이 좀 이상해 보이는 건 기분 탓이겠지,ssim****,9.90,"2,087만"
423,시바하루 (시바견의 하루),taeh****,9.68,58만
424,신과의 대화,조형,9.74,705만
425,테일 오브 빌런,pong****,9.86,85만
426,계절이 변해도 난 이곳에,이루다,7.93,1.8만
427,고냥고냥,kimy****,9.90,818만
428,리베르,dd****,9.26,42만
429,강호,teun****,8.97,15만
430,클러치샷,plus****,9.38,19만
431,에이전트,agen****,9.56,49만
432,긁지 않은 복권,cvbn****,9.43,37만
433,띵동! 도토리에요,rkdr****,9.73,52만
434,산으로 가는 부부,kora****,9.85,38만
435,웨일즈,k0****,9.90,280만
436,깜빡깜빡,qnfd****,9.90,213만
437,조의 괴기만화,조 jaw,9.78,931만
438,솔의 일기,sone****,9.71,55만
439,여긴 불빛이 안 드는 곳이야,sksm****,9.84,129만
440,옥탑방 고양이,miso****,9.56,14만
441,무쇠,ejes****,9.82,53만
442,"괜찮아, 고3이야",주형,9.90,"2,344만"
443,24시간,jeeu****,9.65,61만
444,궤짝,coma****,9.71,47만
445,양지리정신병원,vice****,9.16,81만
446,댕댕천국,so02****,9.84,31만
447,두양고 찬양,meos****,8.80,16만
448,신과 인간,inop****,9.89,643만
449,내일은 낯선 행성을 걷는다,헌다,9.81,11만
450,전지적 악녀 시점,leci****,8.73,20만
451,가수마왕,우개,9.25,18만
452,사랑비,dny2****,7.77,18만
453,지렁이 수프,달시만,9.39,30만
454,클로지오,서희,8.54,8.4만
455,우리들만의 싸이커,오서본,7.91,41만
456,"안녕, 나의 길고양이",dalp****,9.63,513만
457,류마데시스,wpfl****,8.81,1.7만
458,분노의 난임일기,kier****,9.75,195만
459,똥꼬발랄댕댕이,dldu****,9.02,11만
460,새벽인력,youy****,9.78,27만
461,가족이되는과정,hero****,9.86,100만
462,얘! 알바야,plow****,9.85,166만
463,피스메이커,최서준,9.67,1.6만
464,마법사와 꼬마,hots****,9.84,114만
465,옆집에 그녀가 산다,pt****,9.56,112만
466,무적!호랑권!,mari****,9.66,1.6만
467,시나브로,ssoj****,9.85,19만
468,연은 그려낸다,유령아이,9.70,3.6만
469,블러드문,brea****,9.74,62만
470,국밥소녀,인간적인생활,9.39,289만
471,시카 단편선,시카,9.87,23만
472,도둑잡기,우주돌,9.47,7.3만
473,게으른 고양이의 soso한 카페이야기,ex****,9.84,477만
474,난편하다,hoso****,9.69,15만
475,드라코 하트 (Drache Heart),fini****,8.71,19만
476,로판도 식후경,king****,9.89,37만
477,예열온도 300도,cucu****,7.25,4.8만
478,소심인사회,msoo****,9.88,60만
479,나를 양지바른 곳에 묻어줄래?,lily****,8.91,4.5만
480,마왕이 되는 방법,고니gony,9.84,91만
481,틈,vamp****,9.85,926만
482,언베일,tbh0****,8.92,2.8만
483,어스,hong****,9.60,"5,859"
484,사랑을 찾아드립니다!,wand****,9.71,5.4만
485,문어숙희숙회,김도비,9.74,49만
486,너만 바라 봄,폴루루,8.49,6.8만
487,만월에 핀 연꽃,issu****,9.68,311만
488,너는 나의 2%,장보근,9.88,158만
489,치와와의 오후,cult****,9.88,943만
490,"나랑, 아니면",이채훈박성준,8.56,7.5만
491,당신의 쓸모,du****,9.29,33만
492,숲의 향연,쏭기,9.74,181만
493,남사친의 정의,ddon****,9.68,12만
494,한지붕 새가족,gwak****,9.65,84만
495,전지적덕후시점,gurw****,9.69,519만
496,라떼는 말이야,nove****,9.75,25만
497,맹랑맘마 memory,jjun****,9.74,1.5만
498,엔젤인얼스(Angel in Earth),lhj5****,9.12,"5,566"
499,세 번째 뜨는 해,dsaz****,7.45,"4,570"
500,디제이구름 단편집,디제이구름,9.56,2.2만
501,애플 마크,lily****,9.46,"6,047"
502,바닥에 뻗어버린 60세,no3p****,9.87,8.3만
503,매일 고백,릴피자,9.80,30만
504,5분안에 남친만들기,rnlc****,8.91,5.2만
505,"청월, 물에 비친 달",이치광,8.99,7.8만
506,기행 공포단편집,whtn****,9.89,878만
507,은하!,그리폰GALAXY,9.88,994만
508,식봉툰,rrrr****,8.61,125만
509,나락,ta****,9.02,11만
510,위시(WISH),유정,9.72,2.3만
511,찬숙씨의 봄,몸냥,9.89,1.1만
512,재워주는 사이,ne****,9.13,1.9만
513,사실은 잡지사가 되고 싶었습니다,im66****,9.55,31만
514,만신비망록,ku****,9.89,12만
515,배달의가족,sh****,9.41,31만
516,끄트머리 도회,로비,9.65,1.5만
517,좌충우돌 미대생존기,pola****,9.66,41만
518,여우말고 알바생?!,호그린,9.45,17만
519,B연애주의,22****,8.83,16만
520,오 사장님은 상사병,yhg5****,9.69,21만
521,힐러인데 마왕!?,dmlw****,9.85,59만
522,보아즈 - 엔젤하트,천지,9.67,"3,202"
523,저승파견고용직,skul****,9.90,"5,915만"
524,딴 짓이 제일 재밌어,wldu****,9.81,45만
525,퇴마도시,f_an****,9.24,3.6만
526,루이와 졸개들 R,이안 겸 코메트,9.78,27만
527,막장동화에 어서오렴! (feat.동화원정대),hukg****,9.31,13만
528,달토끼,밤새,9.70,7.2만
529,미가식당,fant****,9.20,2.7만
530,오마이갓,hyjm****,9.59,80만
531,신들의 킬러텔,그릉도파민,9.77,16만
532,게임에 접속했습니다!,rapi****,9.77,221만
533,나나유치원,brad****,9.57,8.7만
534,지렸다,dp****,9.58,8.4만
535,[GL] 유빈이는 기여운데,ma****,9.61,35만
536,안녕 나의 수집,new_****,9.87,45만
537,페카텀,ahmx****,9.78,398만
538,"여기, 제일무학고등학교",bach****,9.83,9만
539,모지리전,gh****,9.27,9.2만
540,시크릿 하숙집,rami****,9.78,2.6만
541,엔딩 페어리 메이커,suha****,9.27,3.4만
542,애쉬그레이,jam6****,9.90,274만
543,나의 여름방학,곰방,9.40,2.2만
544,천사의 학교,ddam****,9.34,9.9만
545,목소리의 그늘,more****,9.90,160만
546,그들이 사는 세상,issu****,8.89,14만
547,이름 없는 나에게,appl****,9.43,3.1만
548,여우신부&뱀신랑,Into,9.75,12만
549,오사와 오폐수들,oreo****,9.91,295만
550,이클립스,REX,9.86,54만
551,두부소녀,wjkg****,9.45,"5,934"
552,오늘도 먹음머금,ye_o****,9.89,93만
553,김네몽로그,lemo****,9.70,135만
554,에고 인 휴고,발밤,9.81,16만
555,악몽친구?,solo****,8.33,4만
556,개구멍을 타고 온 그대,ha****,9.30,9.2만
557,한국 고대의 신화,dndu****,9.80,48만
558,칼람의 신들,sing****,9.89,11만
559,본격 북유럽 신화 만화,scch****,9.89,42만
560,세상은 그대를 중심으로,kang****,9.53,22만
561,봄이 자주 오는 이유,신서,8.79,12만
562,나의 밤을 부탁해,seon****,9.89,6만
563,티레시아스,karm****,9.82,126만
564,배반을 모르는 푸른 꽃을 위하여,atsu****,9.67,24만
565,아라군주,rrjj****,9.61,8만
566,학교가는 고등어,ma_t****,9.86,168만
567,거짓말쟁이 윗치,917w****,9.77,6.5만
568,던전 헌터 그 녀석들,kj_8****,9.88,17만
569,부서진 평시,예아,9.83,31만
570,창귀,toot****,9.74,2.5만
571,충견,다를로스,9.18,14만
572,제 4의 벽,달빛,9.41,12만
573,망했다 튀어라,bsyu****,9.85,57만
574,패러렐 필름,reas****,9.55,21만
575,우리반 여신,키드,9.43,9.6만
576,마녀사냥,laji****,9.48,3.3만
577,인문학 거저보기 ~서양철학편~,gksm****,9.88,90만
578,어느날 보청기,chy0****,9.89,280만
579,꽃집 그 형,1goo****,9.19,2.9만
580,학의동굴,gm12****,9.51,3.7만
581,내 열정은 최고조!,zzxx****,9.58,51만
582,다이브,your****,8.72,2.6만
583,초능력의 도시,dq****,9.73,55만
584,아수라게이트,우파람,9.43,73만
585,망탁,제이손,9.52,4.9만
586,렌즈빨 홍석순,도금이,9.39,16만
587,까만 동화 : 인형의 집,이건진,9.85,21만
588,모던 던전 판타지아,lsc2****,9.83,29만
589,녹는점,수바악,9.69,20만
590,9 나인,trou****,9.62,12만
591,"어게인, 아린!",horo****,9.73,54만
592,시나브로,당분가게,8.67,2.4만
593,웰시네 부부에세이,wels****,9.59,339만
594,두 개의 무덤을 팠다,JA,9.89,25만
595,STONE AGE,JA,9.89,166만
596,별새의 여행자,tste****,8.98,4.2만
597,점심을 위하여,정연두,9.71,36만
598,상지은 하시원,사과 sagua,8.69,2.5만
599,두리안은 과일이 아니야!,begi****,9.45,18만
