,약국명,주소,전화번호
0,365구생약국,"서울특별시 은평구 통일로 739, 1층 (대조동)",02-353-1144
1,365그랜드약국,"서울특별시 금천구 시흥대로62길 29, 1층 (시흥동)",02-896-1223
2,365그린약국,"서울특별시 강서구 강서로 43, B104호 (화곡동, 도양라비앙타워)",02-2602-8006
3,365마트약국,"서울특별시 영등포구 영중로 125, 롯데마트 1층 (영등포동8가)",02-2633-4865
4,365열린약국,서울특별시 관악구 남부순환로 1615  (신림동),02-874-2332
5,365열린약국,"서울특별시 강서구 공항대로41길 52, 버들빌딩 1층 (등촌동)",02-3661-3650
6,365열린약국,"서울특별시 영등포구 영중로 119, 리마크빌 영등포 2층 204-2호 (영등포동8가)",02-2633-2800
7,365열린약국,"서울특별시 구로구 남부순환로97길 3, KS프리미어빌딩 105호 (개봉동)",02-3666-0784
8,365자양미소약국,"서울특별시 광진구 뚝섬로 606, 1층 (자양동)",02-453-7985
9,365정화약국,"서울특별시 노원구 상계로 59, 동익빌딩 1층 7,8호 (상계동)",02-935-4869
10,365종로약국,"서울특별시 동대문구 전농로 60-1, 1층 (답십리동)",02-2215-8704
11,365플러스약국,"서울특별시 동대문구 천호대로 133, 홈플러스 동대문점 지하2층 (용두동)",02-963-0110
12,7번약국,"서울특별시 강북구 도봉로 339, 1층 (수유동)",02-904-7773
13,7형제약국,"서울특별시 강동구 진황도로 179, 1층 (둔촌동)",02-478-9855
14,W스토아청와약국,서울특별시 구로구 디지털로 227 (가리봉동),02-855-1482
15,가까운약국,"서울특별시 영등포구 당산로 34, 로데오 ？ 쇼핑몰 1층 (문래동3가)",02-2671-8231
16,가까운약국,"서울특별시 은평구 통일로 738, 1층 3호 (불광동)",02-356-9813
17,가나안약국,"서울특별시 중랑구 봉우재로 39, (면목동)",02-434-9259
18,가산약국,서울특별시 금천구 가산로 116 (가산동),02-838-1158
19,강남구청역약국,"서울특별시 강남구 학동로 지하 346, 강남구청역 B1층 111호 (삼성동)",02-511-6252
20,강남보선약국,서울특별시 강남구 도곡로 516  (대치동),02-568-2310
21,강남새천년온누리약국,"서울특별시 강남구 도곡로 523, 1층 (대치동)",02-552-3524
22,강남세계로약국,"서울특별시 강남구 논현로 52, 남현빌딩 1층 (개포동)",02-572-2720
23,강남썬약국,"서울특별시 강남구 테헤란로4길 6, 강남역 센트럴 푸르지오 시티 1층 118호 (역삼동)",02-567-7637
24,강남씨티약국,"서울특별시 강남구 강남대로 416, 1층 (역삼동, 창림빌딩)",02-553-1608
25,강남웰약국,"서울특별시 강남구 강남대로 432, 점프밀라노 지하1층 101호 (역삼동)",02-6440-5656
26,강동성실약국,"서울특별시 강동구 진황도로 81, 강동투웨니퍼스트 1층 101호 (길동)",02-478-7001
27,강동태평양약국,서울특별시 강동구 양재대로 1343 (성내동),02-473-3377
28,강동한우리약국,서울특별시 강동구 올림픽로 778,02-481-3237
29,강림약국,서울특별시 동작구 시흥대로 668-2 (신대방동),02-832-8975
30,강서약국,"서울특별시 강서구 등촌로 75, 지덕빌딩 (등촌동)",02-2644-2154
31,강서종로약국,서울특별시 강서구 강서로 257  (내발산동),02-2606-8268
32,강서홈약국,"서울특별시 강서구 화곡로 398, 홈플러스강서점앤본사사옥 1층 (등촌동)",02-2659-1823
33,강원약국,"서울특별시 관악구 대학길 36, (신림동)",02-874-4575
34,개화약국,서울특별시 강서구 양천로 31,02-2662-8028
35,갤러리약국,서울특별시 강남구 학동로20길 55 106호,02-6227-5578
36,건강백세약국,서울특별시 중구 서소문로 12 (중림동),02-392-7855
37,건강약국,"서울특별시 관악구 남부순환로 1539, (신림동)",02-855-2883
38,건강약국,"서울특별시 영등포구 당산로 164, (당산동4가)",02-2631-6396
39,건강플러스약국,서울특별시 금천구 시흥대로 391  (독산동),02-890-8058
40,건강한약국,서울특별시 광진구 천호대로 655 (중곡동),02-945-6363
41,건강한약국,"서울특별시 동대문구 왕산로32길 7, 4층 6호 (용두동)",02-957-9784
42,건강한약국,"서울특별시 노원구 석계로9길 25, 1층 오른쪽점포호 (월계동)",02-919-1206
43,건대가온약국,"서울특별시 광진구 광나루로 410, 105호 (화양동, KCC파크타운)",02-453-4669
44,건대역약국,서울특별시 광진구 아차산로 218 (자양동),02-497-4337
45,건민약국,"서울특별시 노원구 동일로191길 23, 1층 (공릉동)",02-975-1254
46,경남약국,"서울특별시 양천구 목동서로 38, 상가A동 107호, 113호 (목동, 목동신시가지아파트1단지)",02-2647-3012
47,경애약국,서울특별시 동대문구 사가정로25길 18 (장안동),02-2212-8941
48,경인약국,서울특별시 용산구 새창로14길 50 (용문동),02-715-6083
49,경일약국,서울특별시 종로구 평창문화로 35  (평창동),02-391-3469
50,경하프라자약국,"서울특별시 은평구 서오릉로 157, (구산동)",02-385-7271
51,계산온누리약국,"서울특별시 성북구 동소문로20길 43, 1층 (동선동1가)",02-925-4551
52,고래약국,"서울특별시 마포구 신촌로 지하 90, 신촌역 B1 240-107호 (노고산동)",02-333-7967
53,고려약국,"서울특별시 강동구 천호대로 1125, (길동)",02-477-5257
54,고바우약국,서울특별시 송파구 마천로41길 21 (마천동),02-402-0730
55,고성희약국,서울특별시 금천구 금하로24길 57 ,02-808-3616
56,고연뿌리약국,"서울특별시 서초구 신반포로 지하 188, 지하1층 (반포동, 강남고속터미널역)",02-534-7500
57,고운마음약국,"서울특별시 강서구 양천로 500, 등촌동노블리움오피스텔 115호 (등촌동)",02-3663-7779
58,곰돌이스타약국,"서울특별시 서초구 방배로 226, 3층 303호 (방배동)",02-595-8795
59,관악이화약국,"서울특별시 관악구 봉천로 281, 1층(봉천동)",02-885-0456
60,광교약국,"서울특별시 종로구 청계천로 49, (관철동)",02-734-4690
61,광장온누리약국,"서울특별시 관악구 신림로 107, 1층 (신림동)",02-886-3509
62,광주약국,"서울특별시 동작구 동작대로 127, 1층 (사당동)",02-591-0075
63,광주약국,서울특별시 관악구 관악로 268,02-884-2000
64,광진제일큰약국,"서울특별시 광진구 자양로 164, 하림빌딩 1층 (구의동)",02-6215-2225
65,광해약국,서울특별시 광진구 능동로 298,02-447-8188
66,교보약국,서울특별시 관악구 남부순환로 1827 ,02-878-7582
67,구로2호선약국,"서울특별시 구로구 도림천로 477, 구로디지털단지역 지상1층 001호 (구로동)",070-7672-0012
68,구로종로약국,서울특별시 구로구 경인로 193  (오류동),02-2688-0155
69,구로프라자온누리약국,"서울특별시 구로구 개봉로 30 (개봉동, 로얄타워)",0226136044
70,구로행복약국,"서울특별시 관악구 조원로 20, 101호 (신림동)",02-868-1653
71,구산약국,"서울특별시 중랑구 공릉로2길 7, 구산빌딩 (묵동)",02-974-4925
72,구약국,서울특별시 관악구 관악로14길 52,02-872-7542
73,국일약국,서울특별시 종로구 종로16길 12 (관철동),02-2275-7225
74,국제약국,서울특별시 용산구 한강대로 290-1,02-794-0705
75,군자백화점약국,"서울특별시 광진구 천호대로 574, (능동)",02-3436-2088
76,굿모닝약국,서울특별시 서초구 신반포로 176,02-6282-1213
77,굿모닝약국,서울특별시 영등포구 여의대방로 379,02-783-9484
78,굿약국,"서울특별시 서초구 서초대로77길 24, 강남 지웰타워2 (서초동)",02-535-8233
79,그랜드약국,"서울특별시 광진구 아차산로29길 55, (화양동)",02-462-8447
80,그린약국,"서울특별시 강서구 수명로 78, 새롬프라자 104호 (내발산동)",02-2667-6643
81,그린약국,"서울특별시 관악구 남부순환로 1740, 명당빌딩 1층 (봉천동)",02-888-4959
82,금강온누리약국,서울특별시 영등포구 영중로 10-1 (영등포동3가),02-2678-5869
83,금성당약국,"서울특별시 광진구 긴고랑로 115, (중곡동)",02-444-0159
84,금성약국,"서울특별시 광진구 자양로 112, (구의동)",02-447-1500
85,금왕약국,"서울특별시 종로구 창신5길 19, (창신동)",02-763-5493
86,기린약국,서울특별시 서초구 잠원로 24 반포자이프라자상가 1층,050-71316-7241
87,기분좋은약국,"서울특별시 관악구 은천로 110, 1층 (봉천동, 더블유에스타워)",02-872-2378
88,기쁨약국,서울특별시 강남구 개포로 228,02-574-1087
89,기호약국,"서울특별시 광진구 군자로 25, (화양동)",02-463-8050
90,길동보룡약국,서울특별시 강동구 양재대로 1478 (길동),02-477-4114
91,김약국,서울특별시 양천구 지양로 75,02-2603-4285
92,나이스약국,"서울특별시 서초구 강남대로 421, 삼영빌딩 1층 (서초동)",02-594-0503
93,나인약국,"서울특별시 서초구 서초대로77길 3, 아라타워 124호 (서초동)",02-537-0999
94,나현약국,"서울특별시 노원구 상계로12길 41, (상계동)",02-936-7718
95,남구로약국,서울특별시 구로구 구로동로 33 (가리봉동),02-838-3104
96,노바약국,서울특별시 강남구 강남대로118길 51 ,02-542-3696
97,노원약국,"서울특별시 노원구 노해로 501, 노원빌딩 1층 103호 (상계동)",02-933-7832
98,녹수프라자약국,서울특별시 금천구 독산로 213,02-802-1510
99,녹십자약국,서울특별시 강서구 화곡로64길 78,02-3662-6143
100,녹십자약국,서울특별시 송파구 올림픽로 130  (잠실동),02-424-7434
101,논현밝은약국,"서울특별시 강남구 강남대로122길 10, 영흥빌딩 1층 일부호 (논현동)",02-2135-2846
102,논현필리아약국,서울특별시 강남구 선릉로 641,02-540-7582
103,뉴석계프라자약국,서울특별시 노원구 석계로 2,02-914-5555
104,뉴욕약국,서울특별시 강남구 테헤란로 107,070-4147-3039
105,뉴타운메디컬약국,"서울특별시 은평구 진관3로 70, 821동 상가 115호 (진관동, 은평뉴타운상림마을)",02-357-0777
106,뉴프라임약국,"서울특별시 송파구 송파대로 278, 1층 (가락동)",02-403-2638
107,늘한마음약국,"서울특별시 노원구 노해로 494, 1층 109호 (상계동)",02-3392-5406
108,다나약국,"서울특별시 용산구 후암로 43-2, 1층 (후암동)",02-753-0692
109,다나약국,"서울특별시 영등포구 가마산로 439-1, (신길동)",02-832-1205
110,다나약국,"서울특별시 서초구 효령로 229, 서울빌딩 1층 (서초동)",02-597-3514
111,다나약국,"서울특별시 마포구 대흥로 186-2, 1층 (대흥동)",02-715-3133
112,다나온누리약국,서울특별시 관악구 관악로 240 1층 (봉천동),02-886-4207
113,다마트약국,서울특별시 강서구 금낭화로 135,02-2665-0181
114,다산온누리약국,"서울특별시 중구 다산로 133-1, 1층 (신당동)",02-2233-5912
115,다정약국,서울특별시 노원구 한글비석로 332,02-951-5567
116,단골약국,서울특별시 동작구 보라매로 61-1 (신대방동),02-821-3157
117,단골온누리약국,서울특별시 종로구 지봉로 50 (숭인동),02-745-0731
118,당고개약국,"서울특별시 노원구 상계로 309-1, (상계동)",02-930-5142
119,대교약국,"서울특별시 송파구 가락로 153, 1층 (송파동)",02-414-8275
120,대남약국,서울특별시 동작구 상도로22길 26 (상도동),02-822-3502
121,대동약국,"서울특별시 관악구 관악로 185, 1층 (봉천동)",02-877-0453
122,대명약국,"서울특별시 영등포구 영신로19길 7, (영등포동)",02-844-5433
123,대성약국,서울특별시 관악구 청림길 8 (봉천동),02-877-3024
124,대영약국,"서울특별시 도봉구 도봉로129길 26, (쌍문동)",02-904-0403
125,대우당약국,서울특별시 동작구 상도로 102 (상도동),02-822-2682
126,대우사약국,서울특별시 중구 세종대로 22 (남대문로5가),02-753-2703
127,대원사약국,"서울특별시 중랑구 중랑역로 90, 대원메디컬빌딩 (중화동)",02-433-3400
128,대유약국,"서울특별시 서대문구 모래내로 359, (홍은동)",02-379-4415
129,대일약국,서울특별시 동작구 동작대로27길 22 (사당동),02-591-4655
130,대자연약국,"서울특별시 강동구 구천면로 291, (천호동)",02-474-7576
131,대중약국,"서울특별시 성동구 왕십리로 375-1, (하왕십리동)",02-2292-4418
132,대청약국,"서울특별시 강남구 개포로 623, 대청타워 106호 (개포동)",02-3412-0106
133,대치약국,"서울특별시 강남구 선릉로86길 42, 102호 (대치동)",02-6954-1778
134,대치필리아약국,서울특별시 강남구 도곡로63길 12  (대치동),02-508-6116
135,대풍약국,서울특별시 중구 동호로11길 43 (신당동),02-2252-3944
136,대풍약국,서울특별시 성동구 사근동길 6,02-2296-8899
137,대학당약국,서울특별시 관악구 원신길 2-1,02-878-7497
138,대학솔약국,"서울특별시 동대문구 안암로 158, 1층 (제기동)",02-923-3338
139,대흥365약국,"서울특별시 마포구 백범로 98, 1층 (대흥동)",02-713-2060
140,대흥약국,"서울특별시 영등포구 신길로39길 13, (신길동)",02-832-1894
141,더샾스타시티약국,서울특별시 광진구 아차산로 272  (자양동),02-2024-1311
142,더밝은약국,"서울특별시 성동구 마조로9길 15, 1층 (행당동)",02-2281-7923
143,더클래식약국,"서울특별시 광진구 능동로 90, 1층 104-2호 (자양동, 더클래식500)",02-455-4565
144,덕성그린약국,"서울특별시 강북구 삼양로 530, 1층 (우이동)",02-6397-9974
145,도곡타워약국,"서울특별시 강남구 언주로30길 21, B1층 101-24A호 (도곡동, 아카데미스위트)",02-529-2916
146,도래약국,서울특별시 송파구 마천로 341 (마천동),02-2236-1470
147,도봉태평양약국,서울특별시 도봉구 도봉로 821,02-955-6228
148,도영약국,"서울특별시 송파구 오금로 507, 거여빌딩 1층 (거여동)",02-404-7355
149,도원약국,"서울특별시 성동구 장터길 45-1, (금호동3가)",02-2252-3942
150,도일약국,"서울특별시 서초구 사평대로55길 10, (반포동)",02-548-2348
151,독산종로약국,서울특별시 금천구 독산로 360,02-839-8197
152,돌곶이온누리약국,"서울특별시 성북구 화랑로 248, 장위뉴타워 102호, 102-1호 (석관동)",02-967-5555
153,동경약국,"서울특별시 마포구 신촌로16길 4, 1층 101호 (노고산동)",02-334-7668
154,동광약국,서울특별시 동작구 동작대로 129 (사당동),02-534-7575
155,동남약국,"서울특별시 종로구 종로 124, (종로3가)",02-2273-3233
156,동남약국,"서울특별시 중랑구 신내로 45, 해성빌딩 1층 (신내동)",02-2207-3356
157,동명온누리약국,"서울특별시 강남구 선릉로64길 5 (대치동, 라이온스빌딩)",02-555-1950
158,동보약국,서울특별시 영등포구 영중로 22  (영등포동3가),02-2678-0362
159,동부약국,서울특별시 용산구 이촌로 245,02-795-6242
160,동서울약국,"서울특별시 광진구 강변역로 50, 동서울종합터미널 124호 (구의동)",02-452-0015
161,동성약국,"서울특별시 중랑구 겸재로 84, (면목동)",02-432-1653
162,동성약국,서울특별시 구로구 디지털로19길 51,02-854-3357
163,동아약국,"서울특별시 동대문구 서울시립대로 31, 102-119호 (전농동, 동아아파트)",02-2214-7937
164,동아약국,서울특별시 중랑구 동일로130길 52  (중화동),02-434-6683
165,동아약국,서울특별시 강남구 강남대로66길 14  (역삼동),02-539-7030
166,동의삼성약국,서울특별시 송파구 거마로22길 49  (마천동),02-400-2636
167,동해물약국,"서울특별시 서초구 동광로12가길 42, 1층 (방배동)",02-594-3141
168,동현약국,"서울특별시 강동구 양재대로127길 19, (천호동)",02-472-7722
169,두산약국,서울특별시 관악구 봉천로 391 (봉천동) ,02-888-2369
170,드림약국,"서울특별시 서초구 서초중앙로22길 8, 행림약품 1층 2호 (서초동)",02-522-5776
171,드림약국,"서울특별시 영등포구 영중로 15, 타임스퀘어 지하1층 128-2호 (영등포동4가)",02-2068-1636
172,디엠씨4번출구약국,서울특별시 은평구 수색로 지하 175 1층 003호,02-2039-0190
173,라미약국,"서울특별시 송파구 올림픽로8길 20, 잠실아이파크 1층 A115호 (잠실동)",02-412-0199
174,라온약국,"서울특별시 송파구 올림픽로 240, 잠실지하광장 지하도상가 1호 (잠실동)",02-3431-4485
175,래미안온누리약국,서울특별시 영등포구 당산로 214,02-2675-5250
176,로데오약국,서울특별시 양천구 신정중앙로23길 3,02-2606-2567
177,롱약국,"서울특별시 마포구 양화로 지하 55, 합정역 B1  238-105호 (서교동)",070-8098-4603
178,르씨엘약국,"서울특별시 강남구 학동로 215, 101호,107호 (논현동)",02-540-0047
179,리드팜힘찬약국,"서울특별시 관악구 은천로 109, 1층 (봉천동)",02-885-7422
180,마곡아임약국,"서울특별시 강서구 마곡중앙5로 6, 마곡나루역보타닉푸르지오시티 1층 102호 (마곡동)",07086158032
181,마곡하나약국,"서울특별시 강서구 강서로 385, 106호 (마곡동, 우성에스비타워)",02-3664-0319
182,마래푸약국,"서울특별시 마포구 신촌로34길 37, 1층 (아현동)",02-362-2080
183,마장백화점약국,"서울특별시 동대문구 고산자로 410, 1층 (용두동)",02-962-1161
184,마천푸른솔약국,"서울특별시 송파구 거마로 60, 1층(마천동)",02-409-6704
185,마트온누리약국,서울특별시 양천구 오목로 299,02-2651-3467
186,맑은샘약국,서울특별시 동대문구 천호대로83길 39 (장안동),02-422-5060
187,맑은약국,"서울특별시 강서구 양천로 600, 1층 (등촌동)",02-2083-0456
188,맑은약국,서울특별시 영등포구 당산로 42,02-2165-8210
189,맑은약국,서울특별시 구로구 경인로40길 47,02-2617-2190
190,맑음약국,"서울특별시 관악구 남부순환로 1635, 1층 (신림동)",02-877-0113
191,맘이편한약국,"서울특별시 관악구 신림로 357, 1층 (신림동)",02-888-8848
192,망원시장약국,"서울특별시 마포구 월드컵로13길 56, 1층 (망원동)",02-790-7527
193,매일여는약국,서울특별시 양천구 목동동로 233-1 (목동) ,02-2061-3650
194,매일여는약국,"서울특별시 마포구 월드컵북로 396, 누리꿈스퀘어 B1094호 (상암동)",02-2132-8365
195,매일여는약국,"서울특별시 중랑구 망우로 346, 101동 103호 (상봉동, 한일써너스빌)",02-434-2422
196,매일여는온누리약국,"서울특별시 송파구 백제고분로 187, 1층 103,104호 (잠실동, 파크인수)",02-3432-0365
197,메디칼건강약국,서울특별시 강서구 양천로 104 (방화동),02-2661-3337
198,메디칼바른약국,"서울특별시 구로구 공원로7길 40, 1층 (구로동, 대영빌딩)",02-866-1914
199,메디칼약국,"서울특별시 관악구 은천로25길 69, 1층(봉천동,삼성프라자)",02-883-4227
200,메디칼약국,"서울특별시 마포구 월드컵로14길 5, (서교동)",02-3141-4757
201,메디팜건강약국,"서울특별시 도봉구 도봉로 487, 1층 (쌍문동)",02-906-1800
202,메디팜건강약국,서울특별시 은평구 수색로 270-1,02-372-9791
203,메디팜금성약국,"서울특별시 양천구 남부순환로40가길 15-1, (신월동)",02-2605-7281
204,메디팜대안약국,서울특별시 금천구 시흥대로 352,02-803-8452
205,메디팜미래로약국,"서울특별시 용산구 청파로47길 40, (청파동2가)",02-713-8716
206,메디팜미래로약국,"서울특별시 강동구 천호대로 1467, (상일동)",02-426-4793
207,메디팜신마포약국,"서울특별시 마포구 창전로 45, 103동 108호 (창전동, 서강한화오벨리스크 단지내 상가)",02-706-7656
208,메디팜신정교약국,"서울특별시 양천구 신목로 36, 102호 (신정동, 대보빌딩)",02-2649-8275
209,메디팜엔비약국,"서울특별시 동작구 노량진로 152, . 1층 (노량진동)",02-811-7723
210,메디팜우리약국,"서울특별시 송파구 올림픽로 119, 1층 A12호 (잠실동, 파인애플상가 1층 A12호)",02-414-5747
211,메디팜은강약국,서울특별시 서초구 잠원로14길 29  (잠원동),02-593-3245
212,메디팜일진약국,서울특별시 성동구 용답중앙길 80-1 ,02-2245-3665
213,메디팜정다운약국,"서울특별시 강서구 마곡중앙5로 87, 107호 (마곡동, 우성르보아투)",02-2664-1088
214,메디팜정원약국,서울특별시 강동구 천호대로 1200,02-477-6126
215,메디피아약국,"서울특별시 강남구 강남대로 242, 1층(도곡동, 크리스탈빌딩)",02-3463-1547
216,면목백화점약국,서울특별시 중랑구 용마산로 328 (면목동),02-2207-4636
217,명생약국,서울특별시 송파구 백제고분로41길 31 (송파동),02-422-1394
218,명성약국,서울특별시 마포구 월드컵로 87,02-332-4603
219,명수약국,서울특별시 금천구 시흥대로138길 13,02-854-6846
220,명신약국,서울특별시 금천구 탑골로 18 ,02-807-8767
221,명심약국,서울특별시 강남구 개포로 207  (개포동),02-575-5867
222,명일마트종로약국,"서울특별시 강동구 고덕로 276, 지하1층 (명일동, 이마트명일점)",02-428-7845
223,명진팜약국,"서울특별시 강서구 마곡중앙로 161-17, 보타닉파크타워Ⅰ 110호 (마곡동)",02-6326-7353
224,모두약국,"서울특별시 강남구 테헤란로 지하 156, B2층 219호 (역삼동)",02-508-0429
225,목동세명약국,서울특별시 양천구 목동중앙북로 27,02-2645-7525
226,목동행복한약국,서울특별시 양천구 목동동로 309 지하1층 (목동),02-6952-5777
227,무궁화약국,"서울특별시 노원구 한글비석로 77, 한성여객(주) (하계동)",02-971-0072
228,무지개약국,"서울특별시 광진구 뚝섬로 498-1, A,B동 1층 (자양동)",02-462-8604
229,문약국,서울특별시 용산구 독서당로 67,02-793-2296
230,미동약국,"서울특별시 강서구 월정로30길 52, (화곡동)",02-2602-4054
231,미소가득한약국,서울특별시 마포구 월드컵북로 396,02-2636-6667
232,미소약국,"서울특별시 도봉구 도봉로 678, 홈플러스데스코㈜방학점 지하2층 (방학동)",02-954-3119
233,미주약국,"서울특별시 강서구 양천로6길 28, 상가동 108호 (방화동, 도시개발12단지아파트)",02-2665-7552
234,민생약국,"서울특별시 강남구 언주로125길 6, (논현동)",02-547-7903
235,민정약국,서울특별시 강북구 오패산로30길 41 (미아동),02-980-1244
236,믿음약국,서울특별시 관악구 봉천로 534,02-888-2104
237,바른메디칼약국,"서울특별시 강동구 상암로 31, 이에스타워 1층 (암사동)",02-3426-5384
238,바른손약국,서울특별시 동대문구 휘경로 34 (휘경동),02-3295-4274
239,바른약국,"서울특별시 영등포구 선유로 138, 롯데마트 양평점 지하1층 (양평동3가)",02-2633-2267
240,바른약국,서울특별시 강북구 노해로 95-1,02-993-9663
241,바른약국,"서울특별시 관악구 남부순환로 1714-1, (봉천동)",02-884-2850
242,박순영온누리약국,"서울특별시 송파구 마천로7길 6, 오금대림아파트 117,118호 (오금동)",02-430-3371
243,반석온누리약국,"서울특별시 영등포구 영등포로 33, 108호(양평동2가,비즈타워)",02-2632-9595
244,반포프라자약국,"서울특별시 서초구 신반포로 329, 1층 5호 (잠원동)",02-549-3668
245,발산그랜드약국,서울특별시 강서구 강서로 380,02-3663-7510
246,밝은마음약국,"서울특별시 강남구 논현로 841, 제이비 미소빌딩 110호 (신사동)",02-6203-7770
247,밝은약국,"서울특별시 은평구 불광로 27, 1층 (대조동)",02-386-7585
248,방약국,"서울특별시 중랑구 면목로 260, 1층(면목동)",02-432-0596
249,방이종로약국,서울특별시 송파구 마천로 29 (방이동),02-3431-0440
250,방학세계로약국,"서울특별시 도봉구 방학로 159, (방학동)",02-956-3030
251,방학약국,"서울특별시 도봉구 도봉로 729, (방학동)",02-955-8822
252,백두약국,서울특별시 구로구 오류로8길 26 (오류동),02-2689-6576
253,백상약국,"서울특별시 영등포구 국제금융로6길 30, 백상빌딩 1층 103호 (여의도동)",02-780-5414
254,백세365약국,"서울특별시 강서구 마곡중앙로 55, 문영 퀸즈파크13 107호 (마곡동)",070-8829-0077
255,백세약국,"서울특별시 중랑구 신내로 82, 1층 109호 (신내동, 금강빌딩)",02-3421-7015
256,백세약국,서울특별시 도봉구 도당로15길 12,02-3492-9373
257,백온누리약국,서울특별시 광진구 면목로 174 (중곡동),02-466-4696
258,백운약국,서울특별시 도봉구 도봉로 468  (창동),02-906-0280
259,백화점약국,"서울특별시 강북구 도봉로96길 11, 1층 (번동)",02-994-1282
260,백화점약국,"서울특별시 종로구 종로 234-1, (종로5가)",02-2264-1161
261,번동종로약국,"서울특별시 강북구 오현로34길 23-4, 104호 (번동, 현대하니타운)",02-981-2030
262,번동프라자약국,서울특별시 강북구 한천로 940 (번동),02-904-2906
263,벚꽃약국,"서울특별시 영등포구 국제금융로 10, 서울 국제금융 센터 지하2층 (여의도동)",02-6137-5207
264,베스트약국,서울특별시 강남구 도곡로 423,02-569-8968
265,보광프라자약국,"서울특별시 용산구 보광로 35, (보광동)",02-796-5244
266,보라매온누리약국,서울특별시 동작구 보라매로 93 (신대방동),02-812-4881
267,보룡약국,"서울특별시 노원구 동일로 1380, 상계동 국민은행 (상계동)",02-979-6000
268,보림약국,서울특별시 동대문구 장한로 115 (장안동),02-2248-2082
269,보생사약국,"서울특별시 영등포구 영등포로 400 1층 (신길동, 신성빌딩)",02-833-2289
270,보은약국,서울특별시 광진구 영화사로 64-1,02-444-4145
271,보화당약국,서울특별시 도봉구 노해로69길 15,02-995-2929
272,봄내약국,서울특별시 관악구 신림동5길 31,02-882-8234
273,비온뒤숲속약국,"서울특별시 마포구 월드컵로 111, (망원동)",02-332-3250
274,비타민약국,서울특별시 금천구 독산로50길 84,02-892-5949
275,비트플렉스약국,"서울특별시 성동구 왕십리광장로 17 (행당동, 비트플랙스내 2층 A05,06)",02-2200-1549
276,사가정약국,"서울특별시 중랑구 사가정로51길 3, (면목동)",02-434-7234
277,사당365약국,"서울특별시 관악구 과천대로 955, 1층 (남현동)",02-588-9050
278,사당미소약국,"서울특별시 관악구 과천대로 939, 르메이에르강남타운2 3층 (남현동)",02-586-8009
279,사당소화약국,"서울특별시 동작구 동작대로 7, 1층 (사당동)",02-521-3474
280,사당역약국,"서울특별시 동작구 동작대로 지하 3, 사당역(4호선) (사당동)",02-582-4912
281,사당프라자약국,"서울특별시 동작구 사당로 230-1, 1층 (사당동, 미래빌딩)",02-3474-4170
282,사랑약국,"서울특별시 강북구 도봉로 186, 1층 (미아동)",02-993-7289
283,삼성약국,서울특별시 관악구 신원로 21,02-855-4158
284,삼성해든약국,"서울특별시 강남구 삼성로 520, 1층 (삼성동)",02-562-0361
285,삼익약국,"서울특별시 동대문구 회기로29길 35, 1층 (휘경동)",02-963-5490
286,삼일약국,서울특별시 강북구 삼양로 241,02-945-3132
287,삼일약국,"서울특별시 성동구 장터길 49, (금호동3가)",02-2234-3529
288,삼정약국,"서울특별시 용산구 원효로19길 72-1, 1층 (원효로3가)",02-712-4941
289,삼화약국,서울특별시 금천구 은행나무로 12-1,02-803-4167
290,상계1번약국,"서울특별시 노원구 한글비석로20길 23-1, 1층 (중계동)",02-938-1082
291,상계하나로약국,서울특별시 노원구 한글비석로48길 13 (상계동),02-951-2188
292,상도온누리약국,서울특별시 동작구 상도로 297 (상도1동),02-812-1322
293,상록수약국,"서울특별시 강동구 고덕로10길 53, (암사동)",02-426-7977
294,상보약국,서울특별시 성동구 동일로 83(성수동2가),02-463-7513
295,상봉햇살약국,"서울특별시 중랑구 상봉로 118, E-마트 상봉점 4층 (망우동)",02-434-8678
296,상산약국,"서울특별시 중구 퇴계로 435, 1층 (황학동)",02-2252-3354
297,상아약국,"서울특별시 강북구 도봉로 143, 광명빌딩 1층 (미아동)",02-985-3211
298,상아온누리약국,서울특별시 동작구 양녕로26길 22 (상도동),02-823-7931
299,상지온누리약국,"서울특별시 강남구 선릉로93길 8, 1층 (역삼동)",02-554-0624
300,새고운약국,"서울특별시 노원구 동일로 1003, 1층 (공릉동)",02-973-9286
301,새대우약국,"서울특별시 성동구 용답25길 14, (용답동)",02-2245-6510
302,새대우약국,"서울특별시 중랑구 동일로 852, (묵동)",02-973-3197
303,새민우약국,"서울특별시 성북구 북악산로 845, 203동 301호 (정릉동, 정릉쌍용아파트)",02-917-4275
304,새봄약국,"서울특별시 강북구 노해로 87, 1층 (수유동)",02-907-6200
305,새빛약국,"서울특별시 강동구 고덕로 262, 고덕역 효성해링턴 타워 더퍼스트 1층 121호 (명일동)",02-441-0887
306,새생명약국,서울특별시 강남구 삼성로146길 8 1층 (청담동),02-512-3389
307,새성심약국,서울특별시 영등포구 양평로 102 ,02-2678-0139
308,새시장약국,"서울특별시 중랑구 망우로62길 81, (망우동)",02-436-7554
309,새실로암약국,서울특별시 강동구 양재대로 1619,02-427-1417
310,새열린약국,"서울특별시 서초구 강남대로 449-3, 보보빌딩 1층 (서초동)",02-536-3037
311,새우림약국,"서울특별시 중랑구 망우로62길 7, (망우동)",02-434-5614
312,새인선약국,서울특별시 성동구 광나루로11길 41-1  (송정동),02-466-4159
313,새종로약국,서울특별시 관악구 난곡로 264 (신림동),02-866-6245
314,새중일약국,"서울특별시 송파구 오금로 306, 101호 (가락동, 가락스타클래스)",02-448-5186
315,새천년약국,서울특별시 동작구 상도로 69 (대방동),02-815-5051
316,새푸른약국,"서울특별시 관악구 쑥고개로 122, 1층 (봉천동)",02-879-0678
317,새하늘약국,서울특별시 노원구 동일로 1308,02-971-0610
318,새한약국,"서울특별시 강서구 등촌로 173, 1층 (등촌동)",02-2651-1577
319,새휘정약국,서울특별시 강남구 학동로101길 26  (청담동),02-542-1910
320,샌트럴이든약국,"서울특별시 노원구 덕릉로126길 2, B101호 (상계동)",02-930-0403
321,샘물약국,서울특별시 노원구 노원로 43 (공릉동),02-971-2268
322,샘약국,서울특별시 강남구 테헤란로 322  (역삼동),02-558-3347
323,샘터약국,"서울특별시 마포구 효창원로97길 10, (공덕동)",02-718-3011
324,샘터약국,서울특별시 서초구 서초중앙로 230  (반포동),02-591-1112
325,생생온누리약국,"서울특별시 강남구 논현로 842, 압구정빌딩 1층 (신사동)",070-8888-3380
326,샤로수약국,"서울특별시 관악구 관악로 164, 1층 110호 (봉천동, 대우디오슈페리움1단지)",02-877-4559
327,서광약국,"서울특별시 서초구 남부순환로315길 104, (서초동)",02-585-6835
328,서대문약국,"서울특별시 서대문구 통일로 177, 1층 (옥천동)",02-392-4932
329,서부새생명약국,서울특별시 은평구 역말로 72 (역촌동),02-385-3685
330,서부약국,"서울특별시 노원구 동일로 1551, 삼전빌딩 1층 101,102,107,108호 (상계동)",02-935-3424
331,서울메디약국,서울특별시 강남구 역삼로 406  (대치동),02-501-5063
332,서울위드팜약국,"서울특별시 종로구 대학로 119, 1, 2층 (명륜4가)",02-747-0500
333,서울중앙약국,"서울특별시 용산구 청파로 378, 1층 (동자동)",02-313-4483
334,서초늘봄약국,서울특별시 서초구 서초대로38길 12 ,02-581-7764
335,서초당약국,"서울특별시 서초구 서초중앙로 107 (서초동, 삼화빌딩)",02-521-9443
336,서초삼성약국,"서울특별시 서초구 서초대로74길 23, (서초동)",02-3474-0617
337,서초제일약국,"서울특별시 서초구 방배로 111, 1층 (방배동, 근복빌딩)",02-583-7170
338,서초프라자약국,"서울특별시 서초구 방배로 88, 1층 (방배동)",02-597-4959
339,석산약국,서울특별시 성북구 오패산로1길 1 (하월곡동),02-912-2020
340,선영약국,"서울특별시 성동구 마장로 187, 1층 (홍익동)",02-2294-3734
341,설아약국,"서울특별시 강서구 마곡중앙6로 65, 지투프라자 1층 101호 (마곡동)",0507-1326-2189
342,설약국,서울특별시 성동구 마조로1길 39(행당동),02-2294-8274
343,설약국,"서울특별시 동작구 노량진로 124, 1층 (노량진동)",02-825-8272
344,성대약국,서울특별시 동작구 성대로 11 (상도동),02-821-1519
345,성보약국,"서울특별시 관악구 남부순환로208길 10, (봉천동)",02-885-4250
346,성심온누리약국,"서울특별시 노원구 석계로 49 (월계동, 현대아파트 주상가 122호)",02-943-1651
347,성지약국,"서울특별시 중랑구 공릉로12가길 52, (묵동)",02-972-9890
348,세계로약국,"서울특별시 서초구 동작대로 38, (방배동)",02-3474-2599
349,세계로약국,서울특별시 송파구 거마로 66 (마천동),02-402-0067
350,세계로약국,서울특별시 성북구 화랑로40길 54 (석관동),02-962-5446
351,세계로온누리약국,"서울특별시 광진구 아차산로 219, 삼영빌딩 1층 (화양동)",02-466-0253
352,세곡온누리약국,"서울특별시 강남구 헌릉로569길 27, 2층 (세곡동)",070-8828-7963
353,세브란스약국,서울특별시 동작구 동작대로25길 39 (사당동),02-593-1551
354,세심약국,"서울특별시 성동구 마장로35길 76, 105-2 (마장동,현대아파트상가)",02-2282-5734
355,세영약국,서울특별시 광진구 뚝섬로27길 65 (자양동),02-464-3577
356,세원약국,"서울특별시 성북구 동소문로20가길 51 (동선동1가, 수국빌딩)",02-922-6060
357,세종약국,서울특별시 강남구 밤고개로1길 22,02-459-9464
358,세진약국,서울특별시 서초구 서초중앙로 125 (서초동) ,02-533-3528
359,센츄럴팜약국,서울특별시 중구 한강대로 405  (봉래동2가),02-393-5505
360,셀약국,"서울특별시 마포구 양화로 72, 1층 118호 (서교동)",02-337-7959
361,소나무약국,"서울특별시 노원구 노원로 330, 롯데마트 지하1층 (중계동)",02-931-1996
362,소나무약국,서울특별시 송파구 중대로 80  (문정동),02-402-4701
363,소담약국,"서울특별시 종로구 성균관로 18, (명륜2가)",02-765-2126
364,소망약국,"서울특별시 영등포구 영신로19길 23, (영등포동)",02-845-4054
365,소망온누리약국,서울특별시 양천구 지양로 68 (신월동),02-2699-5662
366,손약국,"서울특별시 영등포구 대림로21길 14, 상석빌딩 1층 (대림동)",02-832-3722
367,송도약국,"서울특별시 강북구 도봉로 343, 야산빌딩 1층 (수유동)",02-908-4270
368,송약국,"서울특별시 강서구 양천로 637, 104호(염창동,삼성아파트상가)",02-2659-2526
369,송약국,"서울특별시 양천구 오목로 325, 지하1층 (목동)",02-2062-2575
370,송파24약국,"서울특별시 송파구 송파대로 111, 하비오길 송파대로202동 161호 (문정동, 파크하비오)",02-400-1502
371,송파그랜드약국,"서울특별시 송파구 문정로4길 14, 동산빌딩 1층 (문정동)",02-426-0610
372,수락100세약국,서울특별시 노원구 동일로 1673 (상계동),02-937-2103
373,수락프라자약국,서울특별시 노원구 동일로 1669 (상계동),02-935-7523
374,수명약국,서울특별시 용산구 신흥로 141 (용산동2가),02-754-2697
375,수범약국,"서울특별시 영등포구 경인로 835, (영등포동4가)",02-2678-2288
376,수복약국,서울특별시 용산구 새창로12길 12 (도원동),02-714-0667
377,수산약국,"서울특별시 영등포구 대림로34길 12, (대림동)",02-832-2994
378,수산약국,"서울특별시 동작구 노들로 674, 노량진수산물도매시장 2층 (노량진동)",02-2254-8275
379,수서역약국,서울특별시 강남구 광평로 지하 270 수서역 지하 1층 (수서동),02-3412-5533
380,수서역정민아약국,"서울특별시 강남구 광평로56길 8-13, 1층 101호 (수서동, 수서타워)",02-3412-7655
381,수성약국,"서울특별시 중랑구 신내로 115  (신내동, 신내10단지신내아파트)",02-3421-3649
382,수약국,"서울특별시 강남구 선릉로69길 19  (역삼동, 역삼래미안아파트)",02-563-1601
383,수유동약국,서울특별시 강북구 수유로 83 (수유동),02-903-1313
384,수유온누리약국,서울특별시 강북구 도봉로 324 (번동),02-996-9777
385,수유프라자약국,서울특별시 강북구 덕릉로 42 (수유동) ,02-985-0071
386,수정약국,서울특별시 양천구 중앙로 276 (신정동),02-2644-3395
387,숙명온누리약국,"서울특별시 용산구 청파로47길 66, (청파동2가)",02-717-6415
388,숭실길약국,"서울특별시 동작구 상도로67길 31, 1층 (상도동)",02-2088-3043
389,숭인약국,"서울특별시 강북구 도봉로 59, 1층 (미아동)",02-988-7196
390,쉼표약국,"서울특별시 송파구 올림픽로 지하 265, 잠실역2호선 B1층 126호 (신천동)",070-8728-0008
391,스마일온누리약국,서울특별시 성동구 뚝섬로 377  (성수동2가),02-462-3364
392,스마트온누리약국,"서울특별시 서초구 강남대로53길 7, 강남애니타워 101호 (서초동)",02-523-0365
393,스카이약국,서울특별시 강서구 하늘길 38,02-6116-1685
394,스타시티약국,"서울특별시 광진구 아차산로 290, (자양동)",02-447-7439
395,스타약국,"서울특별시 강동구 천호대로 1087, 2층 203호 (천호동, 진넥스빌Ⅲ)",02-470-7904
396,스타약국,"서울특별시 서초구 강남대로 437, 대원빌딩 1층 (서초동)",02-3481-6688
397,시대약국,"서울특별시 성동구 마장로 321, (마장동)",02-2292-8664
398,시민당약국,서울특별시 강동구 양재대로 1479 (길동),02-476-8100
399,시민약국,"서울특별시 종로구 자하문로 2, (적선동)",02-736-6512
400,시온약국,서울특별시 용산구 독서당로 67 (한남동),02-790-7897
401,시온약국,서울특별시 송파구 백제고분로27길 19 (삼전동),02-417-1365
402,시원약국,"서울특별시 강북구 오패산로 413, 1층 (번동, 미니스톱)",02-904-1231
403,시장약국,서울특별시 동작구 동작대로29길 17 (사당동),02-532-6210
404,시티약국,"서울특별시 송파구 올림픽로 116, 1층 (잠실동)",02-3431-4115
405,신논현비비약국,"서울특별시 강남구 강남대로 476, urbanhive 지하2층 (논현동)",02-542-8559
406,신도림서진약국,"서울특별시 구로구 새말로 102, 신도림포스빌 135,136호 (구로동)",02-000-0000
407,신도림역약국,"서울특별시 구로구 새말로 지하117-21, 2호선 신도림역 234-115호 (신도림동)",02-865-1575
408,신동서약국,서울특별시 동대문구 약령시로 2-1 (제기동),02-924-3388
409,신동아약국,"서울특별시 노원구 마들로3길 15, 월계이마트 2층 (월계동)",02-978-5344
410,신라약국,서울특별시 성동구 광나루로11길 26-1(송정동),02-467-1192
411,신림당약국,서울특별시 관악구 관천로 17,02-856-4755
412,신명약국,서울특별시 은평구 은평로 226 (응암동),02-387-1835
413,신미소약국,서울특별시 관악구 시흥대로 578 (신림동) ,02-855-9842
414,신분당약국,"서울특별시 강남구 강남대로 지하 396, 23호 (역삼동, 신분당선 강남역내)",02-558-0803
415,신사라라약국,"서울특별시 강남구 도산대로 131, 1층 일부호 (신사동)",02-515-7414
416,신사약국,"서울특별시 강남구 도산대로 109, 1층 101호(신사동)",02-514-3704
417,신사역365약국,"서울특별시 강남구 도산대로 지하102, 신사역 B1층 104호 (신사동)",070-8864-0704
418,신사온누리약국,"서울특별시 강남구 강남대로 598, 보림빌딩 지하1층 (논현동)",02-518-6243
419,신사웰약국,"서울특별시 강남구 강남대로 596, 극동빌딩 1층 (논현동)",02-541-8889
420,신성약국,"서울특별시 중구 다산로 215, 경북여인숙 1층 (신당동)",02-2273-1390
421,신세계약국,서울특별시 종로구 종로 124-1,02-945-2636
422,신세계약국,서울특별시 은평구 진흥로12길 3 (녹번동),02-385-6537
423,신세명약국,"서울특별시 영등포구 도림로 208, 101호 (대림동)",02-847-3058
424,신우성약국,서울특별시 용산구 한강대로77길 10 (갈월동),02-714-5392
425,신원약국,"서울특별시 서초구 강남대로10길 60-1, 101호 (양재동)",02-814-3334
426,신이화약국,"서울특별시 성동구 용답중앙13길 2, 1층 (용답동)",02-2247-1509
427,신일약국,"서울특별시 은평구 은평로 156, 1층 101호 (응암동)",02-388-0648
428,신일약국,서울특별시 마포구 손기정로 54 (아현동) 1층,02-312-1741
429,신중앙약국,서울특별시 동작구 흑석로 103 (흑석동),02-822-0443
430,신중앙약국,서울특별시 중구 퇴계로 436 (신당동),02-2237-9602
431,신지약국,서울특별시 관악구 신림로 105,02-882-2740
432,신촌대로약국,"서울특별시 서대문구 신촌로 121, 아남오피스텔 1층 103호 (창천동)",02-6346-2882
433,신평화약국,서울특별시 중구 청계천로 298  (신당동),02-2233-2587
434,신화약국,서울특별시 관악구 관악로 153 (봉천동),02-885-2078
435,십자당약국,"서울특별시 서초구 남부순환로339길 53, 1층 (서초동)",02-583-9482
436,십자약국,"서울특별시 성북구 숭인로2길 82, 2층 (길음동)",02-988-5964
437,쌍문약국,서울특별시 도봉구 도봉로 473-1,02-908-5945
438,씨에이(CA)정문약국,"서울특별시 동작구 흑석로 108, 1~2층 (흑석동)",02-825-1122
439,아라약국,"서울특별시 서초구 서초대로77길 3, 아라타워 1층 (110호 위치)호 (서초동)",02-530-8575
440,아라타워아이약국,"서울특별시 서초구 서초대로77길 3, 1202호 (서초동, 아라타워)",070-4269-3370
441,아름다운달과별약국,"서울특별시 은평구 통일로 855-8, (갈현동, 연신내진원와이타운)",02-3157-2088
442,아름다운약국,"서울특별시 마포구 마포대로24길 56, 1층 (아현동, 보령빌딩)",02-3147-0433
443,아름다운우리약국,서울특별시 강남구 논현로 327,02-564-7582
444,아림약국,서울특별시 관악구 호암로26길 57,02-884-5221
445,아이메디칼약국,"서울특별시 성북구 동소문로46길 18, 101호, 102호 (하월곡동, 삼전솔하임3차)",02-942-3365
446,아이사랑태평양약국,"서울특별시 구로구 새말로 15, 102호,103호 (구로동, 삼전 솔하임)",02-853-3001
447,아이약국,"서울특별시 중구 명동8가길 20, 1층 (충무로2가)",02-3789-9800
448,아임약국,"서울특별시 서초구 강남대로 439, 1층 102호 (서초동, 유화빌딩)",02-532-8229
449,아주약국,서울특별시 강동구 양재대로128길 9 ,02-482-3232
450,아침햇살약국,"서울특별시 구로구 시흥대로 563, 동연빌딩 1층 (구로동)",02-858-4484
451,아파트약국,"서울특별시 동대문구 천호대로 72, 1층 2호 (용두동)",02-923-3600
452,안국온누리약국,서울특별시 강북구 한천로 1058 (수유동),02-900-3980
453,안일약국,서울특별시 동작구 성대로 76 (상도동),02-823-0583
454,알파약국,"서울특별시 서초구 사임당로 181, 102호 (서초동, 대일빌딩)",02-3473-0506
455,암사제일약국,"서울특별시 강동구 올림픽로98길 15, LS지산빌딩 1층 101,102호 (암사동)",02-3427-5855
456,암사현대약국,"서울특별시 강동구 올림픽로 777, (암사동)",02-481-1395
457,압구정약국,서울특별시 강남구 선릉로 845  (신사동),02-543-0701
458,압구정예주약국,"서울특별시 강남구 압구정로29길 65, 442빌딩 지하1층 (압구정동)",02-545-3819
459,압구정퀸약국,"서울특별시 강남구 논현로 853, 1층 (신사동)",02-3447-1119
460,애프터팜윤약국,"서울특별시 관악구 관악로 174, 102호 (봉천동)",050-71359-2927
461,약사랑약국,"서울특별시 강남구 테헤란로 339, 1층 (역삼동)",02-2039-9112
462,약산약국,서울특별시 영등포구 도신로54길 1,02-833-8932
463,약손메디칼약국,"서울특별시 강남구 선릉로 227, 1층 (도곡동)",02-529-3010
464,약수태평양약국,서울특별시 동작구 장승배기로 7 (상도동),02-812-7088
465,양생약국,"서울특별시 관악구 남부순환로234길 27, (봉천동)",02-872-9954
466,양원1번약국,"서울특별시 중랑구 양원역로10길 17, B동 102호 (망우동)",02-2207-0111
467,양월약국,"서울특별시 강남구 개포로82길 13-11, 105호 (개포동)",02-2226-5987
468,양재소화약국,서울특별시 강남구 남부순환로363길 17 (도곡동),02-575-3766
469,엄마약국,서울특별시 영등포구 도림로41길 20,02-831-7070
470,엄약국,"서울특별시 강동구 성내로14길 45, (성내동)",02-483-8979
471,에메랄드약국,"서울특별시 강남구 도산대로 122, 에메랄드타워 1층 (논현동)",02-3443-0991
472,에이원약국,"서울특별시 서초구 서초대로77길 17, BLOCK77 1층 102-2호 (서초동)",02-595-5581
473,에이트약국,"서울특별시 서초구 강남대로 423, 한승빌딩 1층 (서초동)",02-534-8828
474,엔티약국,"서울특별시 서초구 효령로 292, 서울남부터미널 117호 (서초동)",02-6405-5500
475,엘림약국,"서울특별시 관악구 신림로 324, 1층 (신림동)",02-876-3304
476,여의도씨티약국,"서울특별시 영등포구 여의대방로 375, 109호(여의도동,아일렉스타워)",02-784-8285
477,여인선약국,"서울특별시 강동구 천호대로170길 28, (성내동)",02-488-5191
478,연남약국,서울특별시 마포구 양화로21길 31  (동교동),02-336-1533
479,연세약국,"서울특별시 마포구 성미산로10길 44, (서교동)",02-324-2148
480,연세정약국,"서울특별시 성북구 화랑로 201 (장위동, 대영치과)",02-943-0900
481,연세팜약국,"서울특별시 강남구 학동로4길 24, 101호 (논현동)",02-518-2338
482,연신내메디칼약국,서울특별시 은평구 연서로 246  (불광동),02-355-6543
483,연신종로약국,"서울특별시 은평구 연서로32길 3 (불광동, 남재빌딩)",02-359-4341
484,연진약국,서울특별시 광진구 아차산로29길 12,02-462-3355
485,열린약국,"서울특별시 구로구 고척로 142-1, (고척동)",02-2625-6040
486,열린약국,"서울특별시 송파구 가락로 166, 1층 (송파동)",02-424-7048
487,열린약국,"서울특별시 서초구 동작대로 130, (방배동)",02-532-9189
488,열린온누리약국,"서울특별시 종로구 숭인동길 21  (숭인동, 종로청계힐스테이트)",02-2242-3552
489,열린프라자약국,"서울특별시 강동구 천호대로170길 26, (성내동)",02-478-5214
490,영등포21세기온누리약국,서울특별시 영등포구 당산로36길 12,02-2636-7588
491,영인약국,"서울특별시 영등포구 도림로 188, 1층 (대림동)",02-844-8818
492,영화당약국,서울특별시 성동구 사근동길 53 (사근동),02-2293-0180
493,예전약국,"서울특별시 성동구 왕십리로20길 34, (홍익동)",02-2292-4642
494,예주약국,서울특별시 관악구 남부순환로161길 75 (신림동),02-865-8492
495,예하약국,"서울특별시 동작구 성대로 24, (상도동)",02-817-8303
496,오렌지약국,"서울특별시 강남구 도산대로 124, 1층일부(논현동,대영빌딩)",02-518-2022
497,오피앙약국,서울특별시 노원구 동일로 1701,02-932-1905
498,온누리강변프라자약국,"서울특별시 광진구 광나루로56길 63 107,108,109호 (구의동)",02-3437-3027
499,온누리건강약국,"서울특별시 송파구 양재대로 1222 (방이동, 올림픽프라자상가 2층 10호)",02-404-9620
500,온누리대광약국,"서울특별시 영등포구 도림로38길 4, (대림동)",02-849-1330
501,온누리대산약국,"서울특별시 관악구 시흥대로 560, 1층 (신림동)",02-853-4967
502,온누리대웅약국,"서울특별시 송파구 마천로 345, 1층 (마천동)",02-852-2999
503,온누리메디칼약국,서울특별시 광진구 아차산로 220 (자양동),02-461-0120
504,온누리민우약국,서울특별시 성북구 돌곶이로22길 49 (석관동),02-969-4582
505,온누리사랑의약국,"서울특별시 구로구 구로동로15길 17, (구로동)",02-862-2884
506,온누리삼일약국,"서울특별시 강동구 구천면로42길 17, (천호동)",02-484-1216
507,온누리새전일약국,서울특별시 관악구 법원단지길 37,02-859-2951
508,온누리세종약국,서울특별시 동작구 동작대로7길 84 (사당동),02-584-3828
509,온누리수경약국,서울특별시 관악구 난향길 4 (신림동),02-864-7311
510,온누리약국,서울특별시 마포구 월드컵북로 126,02-322-3450
511,올오케이약국,"서울특별시 광진구 천호대로 698, 진달래빌딩 3층 (구의동)",02-2201-9201
512,옵티마상원약국,"서울특별시 마포구 월드컵로 75, 1층 (망원동)",02-322-8900
513,옵티마세원약국,"서울특별시 관악구 쑥고개로 68, (봉천동)",02-887-1970
514,완미약국,"서울특별시 광진구 자양로 194, (구의동)",02-457-3583
515,왕약국,서울특별시 관악구 대학5길 17 (신림동),02-877-1333
516,왕약국,서울특별시 송파구 백제고분로 261 (삼전동),02-2202-5941
517,외대조은약국,"서울특별시 동대문구 휘경로 10, 1층 (이문동)",02-960-4983
518,요나약국,서울특별시 강북구 솔샘로 254 (미아동),02-988-8834
519,용상약국,"서울특별시 광진구 아차산로 626, (광장동)",02-457-9311
520,용약국,서울특별시 용산구 대사관로24길 6 (한남동),02-794-5528
521,용하약국,"서울특별시 성동구 용답중앙27길 6, 1층 (용답동)",02-2212-5911
522,우당약국,"서울특별시 영등포구 국제금융로 108-6  (여의도동, 진주아파트)",02-761-1190
523,우리네온누리약국,서울특별시 구로구 디지털로27길 116 (구로동),02-853-2614
524,우리들약국,서울특별시 노원구 월계로 370,02-977-3225
525,우리들약국,"서울특별시 성북구 동소문로46길 6, 1층 (하월곡동)",02-911-3336
526,우리마을 홍제약국,"서울특별시 서대문구 통일로 440, (홍제동)",02-396-1136
527,우리보건약국,"서울특별시 중랑구 사가정로51길 45, 우리보건약국, 민초원건강원 1층 (면목동)",02-433-8221
528,우리약국,"서울특별시 종로구 옥인길 32-5, (옥인동)",02-738-9179
529,우리약국,"서울특별시 마포구 숭문길 215, (대흥동)",02-715-7290
530,우리약국,서울특별시 동작구 노량진로 155 (노량진동),02-826-5116
531,우리캐슬약국,"서울특별시 금천구 시흥대로 291 (독산동, 금천롯데캐슬골드파크3차)",02-802-2455
532,우리팜약국,"서울특별시 강서구 강서로 27, 1층 106호 (화곡동)",02-2602-1278
533,우림약국,"서울특별시 강북구 삼양로 466, 1층 (수유동)",02-993-5921
534,우성약국,서울특별시 노원구 한글비석로 463,02-936-6603
535,우일약국,"서울특별시 관악구 난곡로24길 5, (신림동)",02-837-3006
536,우정약국,서울특별시 강북구 삼양로77길 25(수유동),02-945-0975
537,우정약국,"서울특별시 중랑구 망우로 428, 우정약국 1층 (망우동)",02-432-4927
538,우주약국,서울특별시 강동구 양재대로 1571 홈플러스 지하 2층,02-481-5050
539,우진당약국,"서울특별시 동대문구 사가정로13길 3, 1층 (전농동)",02-2244-7790
540,우진약국,"서울특별시 강서구 곰달래로53가길 3, 우진타워빌딩 (화곡동)",02-2654-5225
541,원약국,서울특별시 은평구 은평로 121  (응암동),02-388-6700
542,원이약국,"서울특별시 마포구 와우산로 94, 제2기숙사 지하1층 B110호 (상수동)",02-333-3131
543,원플러스약국,"서울특별시 중랑구 신내로 201, 1층 (신내동, 홈플러스 서울 신내점)",02-3422-6953
544,월곡약국,서울특별시 성북구 화랑로11길 6 (하월곡동),02-913-2900
545,월곡플러스약국,"서울특별시 성북구 화랑로 76, 코업스타클래스 지하1층 (하월곡동)",02-943-1432
546,월드타워약국,"서울특별시 송파구 올림픽로 300, 지하1층 (신천동, 롯데마트월드타워점)",02-3213-2828
547,월드팜약국,"서울특별시 강동구 진황도로 153, 101호 (둔촌동)",02-474-2820
548,웰니스약국,"서울특별시 중구 명동10길 51, 나인트리호텔 1층 (충무로2가)",02-3789-5088
549,웰빙서울온누리약국,서울특별시 광진구 뚝섬로 499 (자양동),02-497-3092
550,위메이크약국,서울특별시 강남구 강남대로 422,02-553-7981
551,유경약국,"서울특별시 서초구 방배중앙로 167, (방배동)",02-591-5027
552,유니팜서울약국,"서울특별시 강남구 테헤란로 109, 1층 (역삼동, 강남제일빌딩)",02-556-7886
553,유림약국,서울특별시 노원구 동일로230가길 15 (상계동),02-930-6858
554,유명약국,서울특별시 영등포구 도신로60길 2,02-845-3780
555,유명한약국,"서울특별시 성동구 독서당로 295, 1층 (금호동3가)",02-2237-5875
556,유아약국,"서울특별시 금천구 시흥대로104길 14, (독산동)",02-804-0785
557,유킹스파머시메디바움약국,"서울특별시 서초구 효령로 177, 1층 (서초동)",02-521-1288
558,유한약국,서울특별시 송파구 올림픽로 104  (잠실동),02-421-5777
559,유한약국,"서울특별시 강남구 논현로115길 71, 1층 101호 (논현동)",02-547-1696
560,윤호약국,"서울특별시 송파구 마천로 311, 윤호약국 (마천동)",02-400-0148
561,은약국,"서울특별시 도봉구 도봉로 473, (쌍문동)",02-992-4321
562,은평자연약국,"서울특별시 은평구 서오릉로 162, 1층 103호 (갈현동)",02-389-1101
563,은하약국,"서울특별시 서대문구 통일로 463, (홍제동)",02-394-7814
564,은하약국,"서울특별시 서대문구 명지대3길 1, (남가좌동)",02-372-1513
565,은혜약국,서울특별시 도봉구 도봉로118길 11 (창동),02-992-9191
566,이대행복한약국,"서울특별시 서대문구 이화여대길 42, 1층 (대현동)",02-873-8881
567,이도온누리약국,서울특별시 영등포구 당산로31길 6,02-2633-7167
568,이문우량아약국,"서울특별시 동대문구 신이문로 27, 1층 101호 (이문동)",02-967-3025
569,이수밝은약국,서울특별시 동작구 사당로 285(사당동),02-535-1738
570,이수약국,"서울특별시 강서구 곰달래로25길 33, 101호 (화곡동)",02-2696-5878
571,이수약국,"서울특별시 동작구 동작대로29길 24, 101호 (사당동, 정현빌딩)",02-534-8204
572,이약국,서울특별시 종로구 지봉로 43,02-763-4197
573,이오당약국,서울특별시 서초구 동산로6길 38  (양재동),02-577-1711
574,이웃사랑약국,"서울특별시 동대문구 한천로46길 56-4, 101호 (장안동, 부성빌딩)",02-2217-5861
575,이원약국,서울특별시 강북구 삼양로 244 (미아동),02-946-1958
576,이정약국,"서울특별시 은평구 갈현로33길 27, (갈현동)",02-354-2195
577,이준약국,"서울특별시 양천구 신월로 187, (신월동)",02-2695-6625
578,이화매일약국,"서울특별시 서대문구 독립문로14길 3, 1층 107호 (냉천동)",02-362-5698
579,이화메세나약국,"서울특별시 마포구 양화로 45, B105호 (서교동, 메세나폴리스몰)",02-332-5452
580,이화온누리약국,"서울특별시 강동구 구천면로 233, 한양메디스퀘어 1층 109호 (천호동)",02-478-3561
581,이화태평양약국,서울특별시 도봉구 덕릉로 239 (창동),02-991-8447
582,인수당약국,"서울특별시 관악구 인헌17길 3, (봉천동)",02-877-8835
583,인원약국,서울특별시 중구 중림로 2 (중림동),02-392-3881
584,인정온누리약국,서울특별시 성북구 삼선교로 14 (삼선동1가),02-766-6733
585,인제약국,"서울특별시 관악구 원신2길 17, 인제약국 (신림동)",02-877-8597
586,일선약국,서울특별시 송파구 가락로11길 8  (석촌동),02-414-0847
587,일심당약국,"서울특별시 강서구 강서로7길 90, (화곡동)",02-2602-0856
588,일출약국,"서울특별시 마포구 독막로 85, 1층 (상수동)",02-333-3806
589,일층가락약국,"서울특별시 송파구 양재대로 932, 105호 (가락동, 가락몰 관리업무동)",02-404-2101
590,임상약국,서울특별시 용산구 이촌로18길 5,02-713-0493
591,자명약국,서울특별시 구로구 디지털로 219 (가리봉동),02-867-6968
592,자양하나약국,서울특별시 광진구 자양로9길 77,070-4400-6206
593,자연애약국,"서울특별시 강남구 봉은사로 474  (삼성동, 쌍용 플래티넘)",02-567-8413
594,자연약국,"서울특별시 양천구 신목로 102, 대경프라자 1층 104호 (목동)",02-2644-8018
595,자연주의약국,서울특별시 중구 다산로 90 ,02-2235-0306
596,자인당약국,서울특별시 노원구 노해로 506  (상계동),02-933-4956
597,잠실미소약국,"서울특별시 송파구 올림픽로35가길 16, 홈플러스잠실점 B1층 (신천동)",02-418-4837
598,장생약국,"서울특별시 노원구 섬밭로 263, 롯데상가1층 (중계동)",02-976-8992
599,장수알파약국,"서울특별시 서초구 서초중앙로 38, 정원빌딩 1층 (서초동)",02-3487-4233
600,장수약국,"서울특별시 영등포구 신풍로 46, (신길동)",02-843-2843
601,정도약국,서울특별시 서대문구 북아현로 6 ,02-362-1561
602,정릉열린약국,서울특별시 성북구 보국문로 40-3 (정릉동),02-911-2486
603,정문온누리약국,서울특별시 은평구 진흥로 196,02-549-3003
604,정민약국,"서울특별시 성동구 청계천로10다길 13, 1층 (마장동, 정민하우스)",02-2212-8762
605,정성약국,"서울특별시 강동구 성내로 77, (성내동)",02-475-4313
606,정성약국,"서울특별시 노원구 한글비석로 263, 성모빌딩 302-1호 (중계동)",02-939-6522
607,정성약국,"서울특별시 종로구 종로 399, (숭인동)",02-923-1363
608,정원약국,"서울특별시 중구 세종대로18길 10, (태평로2가)",02-755-5866
609,정은약국,"서울특별시 서초구 방배중앙로 140, 1층 (방배동)",02-534-6641
610,정제약국,"서울특별시 영등포구 도영로 49, (도림동)",02-842-3228
611,정주약국,서울특별시 성북구 오패산로 63 (하월곡동),02-743-3635
612,정진약국,"서울특별시 금천구 독산로64길 19, (독산동)",02-805-3541
613,제당약국,서울특별시 동작구 국사봉길 97 (상도동),02-821-9417
614,제일그랜드약국,서울특별시 강남구 강남대로 478,02-546-0093
615,제일약국,서울특별시 종로구 삼봉로 74 (청진동),02-739-3447
616,제정약국,"서울특별시 관악구 신림로 383, 1층 (신림동)",02-874-4360
617,조은약국,서울특별시 동작구 동작대로 43 (사당동),02-583-2882
618,조은우리약국,"서울특별시 광진구 자양로 109, 104호 (자양동)",02-453-4848
619,조일약국,서울특별시 성북구 삼선교로10길 38 (삼선동1가),02-742-5083
620,종각호약국,"서울특별시 종로구 종로 80-2, 삼양빌딩 1층 (종로2가)",02-6949-0940
621,종대약국,"서울특별시 영등포구 도림로 352, (도림동)",02-846-4062
622,종로광명약국,"서울특별시 강동구 구천면로 664, (상일동)",02-426-0787
623,종로늘푸른약국,"서울특별시 관악구 신림로 137 (신림동, 조흥빌딩)",028850074
624,종로세명약국,"서울특별시 도봉구 방학로 176, (방학동)",02-3492-9963
625,종로수약국,"서울특별시 관악구 보라매로 4, 1층 (봉천동)",02-877-0789
626,종로온누리약국,"서울특별시 종로구 종로 293, 1층 (창신동, 하나저축은행)",02-742-0900
627,종로태평양 온누리약국,서울특별시 중랑구 동일로 917(묵동),02-979-0426
628,종로프라자약국,"서울특별시 관악구 조원중앙로 20, (신림동)",02-866-7668
629,종로프라자약국,"서울특별시 용산구 한강대로23길 55 (한강로3가, 이마트내)",02-2012-1276
630,종로프라자약국,"서울특별시 도봉구 노해로65길 14-3, 1층 (창동)",02-907-4266
631,종로프라자약국,서울특별시 종로구 자하문로 63  (옥인동),02-736-0806
632,종로프라자약국,"서울특별시 동대문구 사가정로 226, 101호~104호 (장안동)",02-2242-2182
633,종오약국,"서울특별시 마포구 만리재로 130, 1층 (공덕동)",02-514-4105
634,종우약국,"서울특별시 광진구 뚝섬로 480, 1층 (자양동)",02-464-4756
635,종원약국,서울특별시 강남구 강남대로118길 38  (논현동),02-548-8969
636,좋은하루온누리약국,"서울특별시 양천구 목동동로 309, 행복한세상 킴스클럽 지하1층 (목동)",02-6952-5777
637,주약국,"서울특별시 강서구 공항대로 23, (공항동)",02-2662-0431
638,중경당약국,"서울특별시 동대문구 장한로 58, 1층 (장안동)",02-2246-1220
639,중계상록수약국,"서울특별시 노원구 중계로 218, 원광빌딩 1층 102호 (중계동)",02-931-6528
640,중곡종로약국,서울특별시 광진구 용마산로 46  (중곡동),02-2201-4321
641,중앙약국,서울특별시 영등포구 경인로102길 13  (영등포동),02-2678-2268
642,중앙약국,"서울특별시 강남구 선릉로 815, 1층 5호 (신사동, 신한양빌딩)",02-542-6354
643,중외약국,서울특별시 강남구 학동로4길 35 (논현동),02-549-1771
644,지니약국,"서울특별시 송파구 올림픽로 305, 잠실역8호선 지하1층 107, 108호 (신천동)",02-416-2023
645,지민약국,서울특별시 성북구 삼선교로 87 (삼선동4가),02-953-5674
646,지선약국,"서울특별시 마포구 월드컵북로 185, (성산동)",02-376-2534
647,지안약국,"서울특별시 성동구 왕십리광장로 17, 왕십리민자역사 4층 OV3-1 호 (행당동)",02-2200-1577
648,지영오행당약국,"서울특별시 종로구 성균관로 32-2, (명륜2가)",02-766-9438
649,지하근화사약국,"서울특별시 중구 을지로 131, (을지로3가,지하상가 3-11)",02-2272-4986
650,지하철약국,"서울특별시 송파구 올림픽로 지하 265 (잠실동, 잠실역지하상가 B-13호)",02-423-1919
651,지현약국,서울특별시 영등포구 영등포로 399-5  (신길동),02-842-6905
652,진선약국,서울특별시 강남구 선릉로 424  (대치동),02-567-0429
653,진성온누리약국,서울특별시 도봉구 도봉로 681 (방학동),02-3494-5177
654,진약국,"서울특별시 노원구 노해로 452, (상계동)",02-935-8266
655,진약국,"서울특별시 광진구 동일로60길 14, (군자동)",02-467-1116
656,진영약국,서울특별시 광진구 아차산로57길 42 (구의동),02-454-8827
657,진주약국,서울특별시 광진구 자양로15길 9  (자양동),02-446-8279
658,참마음약국,"서울특별시 마포구 양화로 73, (서교동)",02-3141-0258
659,참사랑약국,"서울특별시 관악구 호암로26길 1, (신림동)",02-882-5618
660,참사랑약국,"서울특별시 광진구 용마산로 23, 1층 (중곡동)",02-446-8543
661,참약국,서울특별시 마포구 와우산로 149 1층,070-8163-2488
662,참약사 장수약국,서울특별시 관악구 남부순환로 2062 (남현동),02-598-1955
663,참약사플러스약국,서울특별시 중랑구 면목로 303(면목동),070-4647-4656
664,참조은약국,"서울특별시 광진구 광나루로 366, (화양동)",02-467-8893
665,참좋은약국,서울특별시 강남구 테헤란로87길 17,02-508-1363
666,창대온누리약국,서울특별시 양천구 목동중앙북로 13-1 (목동),02-2653-6788
667,창덕약국,서울특별시 노원구 동일로182길 20 (공릉동),02-972-2933
668,창동남대문약국,"서울특별시 도봉구 덕릉로 223, (창동)",02-995-6005
669,창동종로약국,"서울특별시 도봉구 노해로63길 84-3, 1층 (창동)",02-992-2376
670,천사약국,"서울특별시 강동구 구천면로 297, (천호동)",02-482-8484
671,천사온누리약국,서울특별시 동작구 서달로 146 (흑석동),02-812-3660
672,천세약국,서울특별시 금천구 시흥대로 274,02-802-4303
673,천수약국,서울특별시 강서구 가로공원로76길 63 (화곡동),02-2692-3552
674,천수온누리약국,서울특별시 금천구 가산로 111 ,02-864-3897
675,천호역자몽약국,"서울특별시 강동구 천호대로 지하997, 천호역 지하1층 547-121호 (천호동)",02-6484-6119
676,청구약국,서울특별시 강북구 삼양로 255 (미아동),02-989-1449
677,청년약국,"서울특별시 노원구 공릉로 213, 102동 103호 (공릉동, 동신아파트)",070-7763-3297
678,청담와이약국,"서울특별시 강남구 압구정로 461, B104호 (청담동)",02-512-7262
679,청룡중앙약국,"서울특별시 은평구 가좌로 233, 연희타워 103호 (응암동)",02-303-6550
680,청백약국,"서울특별시 강북구 삼양로 623, 1층 (우이동)",02-993-2787
681,청운약국,"서울특별시 관악구 양녕로 30, (봉천동)",02-877-7977
682,청운약국,서울특별시 동대문구 휘경로23길 14 (휘경동),02-967-4548
683,친절한약국,서울특별시 송파구 올림픽로32길 13 (방이동),02-421-6251
684,케이약국,"서울특별시 강남구 도산대로12길 6, 1층 (논현동)",02-511-8806
685,코끼리약국,"서울특별시 송파구 석촌호수로 78 (잠실동, 1층 30호)",02-420-2290
686,코코온누리약국,서울특별시 강남구 강남대로 406 ,02-539-1500
687,큰길약국,"서울특별시 강남구 강남대로 370, 지하1층 (역삼동)",02-553-1517
688,타운약국,"서울특별시 은평구 통일로 855-8, 연신내진원와이타운 102호 (갈현동)",02-356-8647
689,태림약국,"서울특별시 관악구 장군봉2길 2, (봉천동)",02-882-9961
690,태양당약국,"서울특별시 관악구 국회단지길 10, 1층 (봉천동)",02-883-2176
691,태양약국,"서울특별시 강서구 등촌로13길 31, (화곡동)",02-2651-9504
692,태양약국,서울특별시 구로구 경인로 191 (오류동),02-2685-1017
693,태창온누리약국,"서울특별시 관악구 쑥고개로 126-1, (봉천동)",02-889-6599
694,태평양약국,서울특별시 성북구 보국문로16길 31 (정릉동),02-919-2525
695,태평양약국,"서울특별시 마포구 홍익로 1, 1층 (서교동)",02-322-8344
696,태평양약국,"서울특별시 서초구 중앙로 582, 103호 (우면동, 서초타워)",02-575-7220
697,태평양약국,서울특별시 송파구 석촌호수로 100 (잠실동),02-2202-0949
698,태평양약국,"서울특별시 관악구 남부순환로 1591, 1층 (신림동)",02-878-5109
699,태평양온누리약국,"서울특별시 양천구 신월로 314, 1층 (신정동)",02-2652-9007
700,테헤란건강약국,서울특별시 강남구 선릉로86길 17  (대치동),02-556-4166
701,트리플약국,서울특별시 강남구 도산대로 108 (논현동) 1층 일부,02-517-5256
702,튼튼약국,"서울특별시 중랑구 면목로 358, 1층 (면목동)",02-435-6985
703,파랑새약국,"서울특별시 종로구 대학로 121, 1호, 2호 (명륜4가)",02-743-7735
704,파마트엘지약국,"서울특별시 마포구 양화로 156, 116호(동교동,엘지팰리스빌딩)",02-326-1678
705,파크약국,"서울특별시 강남구 도산대로50길 9, 1층 (논현동, 청석빌딩)",02-3443-5561
706,팜메이트대학당약국,"서울특별시 서초구 서초중앙로22길 40, (서초동)",02-585-3092
707,팜엑스약국,서울특별시 강남구 봉은사로 524  (삼성동),02-6002-3060
708,팜코리아약국,"서울특별시 중랑구 면목로 352, (면목동)",02-433-8421
709,팜코리아약국,"서울특별시 도봉구 도봉로 733, 1층 (도봉동)",02-955-7017
710,팜코리아약국,"서울특별시 양천구 등촌로 26, 1층 101호 (목동)",02-2648-8003
711,팜코리아약국,서울특별시 송파구 가락로 99 (석촌동),02-424-6167
712,팜프라자약국,"서울특별시 노원구 동일로 1066, 1층 (공릉동)",02-6396-3003
713,펜타약국,"서울특별시 강북구 도봉로 지하50, 미아사거리역 B1층 416-115호 (미아동)",02-501-7337
714,평화약국,"서울특별시 동작구 남부순환로 2059, 1층 (사당동)",02-582-5353
715,평화약국,서울특별시 관악구 남부순환로 1784,02-885-3575
716,푸른온누리약국,"서울특별시 서초구 바우뫼로35길 22, 1층 (양재동)",02-571-8279
717,풍납라파약국,서울특별시 송파구 바람드리길 33 (풍납동),02-488-8878
718,프라자사랑약국,"서울특별시 광진구 능동로 315 (중곡동, 대남빌딩)",0222054000
719,플러스약국,"서울특별시 종로구 종로 78, 1층 (종로2가, 미려빌딩)",02-733-4163
720,플러스약국,"서울특별시 강남구 테헤란로 111, 대건빌딩 1층 일부호 (역삼동)",070-7783-4101
721,플러스약국,서울특별시 구로구 경인로 661  (신도림동),02-3439-8855
722,플러스엔약국,서울특별시 서초구 강남대로53길 7 ,02-511-7255
723,필약국,"서울특별시 관악구 남부순환로 1605, 1층 (신림동)",02-6954-0579
724,하나로온누리약국,"서울특별시 관악구 은천로 38, (봉천동)",02-875-8005
725,하나약국,"서울특별시 강동구 양재대로 1466, 1층 102호 (길동)",02-436-2666
726,하늘약국,"서울특별시 관악구 장군봉1길 56, 101호 (봉천동, 우형쇼핑센타)",02-877-6431
727,하님약국,"서울특별시 노원구 한글비석로 410, 1층 (상계동)",02-939-1827
728,하이팜약국,"서울특별시 은평구 통일로 1050, 롯데몰 은평점 2층 (진관동)",02-2097-2659
729,하트약국,"서울특별시 종로구 대학로 128, 1층 (동숭동)",02-766-8991
730,한겨레약국,"서울특별시 은평구 연서로 219, 1층(갈현동)",02-353-4005
731,한결약국,"서울특별시 양천구 오목로 344 (목동, 청학빌딩)",02-2646-8842
732,한국생약국,"서울특별시 관악구 쑥고개로 71, (봉천동)",02-878-2743
733,한길약국,"서울특별시 성동구 동일로 261, 건국빌딩 1층 (송정동)",02-467-8231
734,한길약국,"서울특별시 관악구 남부순환로 1739, (봉천동)",02-876-2861
735,한독약국,서울특별시 종로구 동숭길 52,02-762-4636
736,한독프라자약국,"서울특별시 구로구 구로동로26길 133, (구로동)",02-856-9843
737,한사랑약국,"서울특별시 광진구 자양로 294-1, (구의동)",02-456-5961
738,한사랑온누리약국,"서울특별시 동대문구 신이문로 41, 1층 (이문동)",02-969-0976
739,한성약국,"서울특별시 서초구 신반포로 257 지하1층 (잠원동, 뉴타운)",02-537-1840
740,한솔약국,서울특별시 송파구 백제고분로45길 5 (송파동),02-415-8087
741,한울약국,서울특별시 양천구 오목로 299,02-2651-8647
742,한중약국,"서울특별시 영등포구 도림로 144, 88월드타워 104호 (대림동)",02-849-5400
743,한중약국,서울특별시 구로구 구로동로 8  (가리봉동),02-863-8575
744,합격약국,서울특별시 동작구 만양로14길 57 (노량진동),02-3280-2680
745,합정365약국,"서울특별시 마포구 독막로 14, 1층 (합정동)",02-6407-3031
746,합정동산약국,"서울특별시 마포구 양화로 45, C-17호 (서교동, 홈플러스합정점)",02-338-0026
747,합정스타약국,"서울특별시 마포구 양화로 지하45, 합정역 B1층 109호 (합정동)",02-323-0202
748,해맑은약국,서울특별시 강남구 남부순환로363길 13,02-571-0029
749,해인약국,"서울특별시 광진구 아차산로33길 63, 1층 (화양동)",02-467-2519
750,햇살약국,"서울특별시 강동구 동남로71길 32, 환타지아 103호 (명일동)",024417716
751,행복나무약국,"서울특별시 강동구 천호대로157길 54, 1층 (천호동)",02-487-8880
752,행복한수약국,서울특별시 강남구 강남대로 446,02-558-7430
753,행복한약국,"서울특별시 성북구 보문로34길 59, 1층(동선동1가)",02-927-8253
754,행운약국,서울특별시 종로구 대명길 21-2(명륜4가),02-765-9997
755,헤르바당산역약국,"서울특별시 영등포구 양평로 지하 40, 당산역 지하1층 (당산동6가)",02-2636-3398
756,헬로팜약국,"서울특별시 송파구 올림픽로12길 5, 정호빌딩 (잠실동)",02-415-1121
757,현우약국,"서울특별시 서대문구 연세로 29-1, 1층 (창천동)",02-334-3979
758,형제약국,"서울특별시 금천구 금하로 707, (시흥동)",02-803-4973
759,혜중약국,서울특별시 동대문구 이문로 186 (이문동),02-967-6692
760,호림약국,"서울특별시 광진구 동일로30길 28, (화양동)",02-468-1027
761,호수약국,"서울특별시 송파구 송파대로49길 52, A동 102호 (석촌동)",02-415-8852
762,호원약국,서울특별시 강남구 언주로108길 15  (역삼동),02-567-5534
763,호원엠약국,"서울특별시 강동구 성내로 66, 채원빌딩 (성내동)",02-488-1512
764,호호약국,"서울특별시 관악구 남부순환로 1595, 1층 (신림동)",02-882-2633
765,홍대365약국,"서울특별시 마포구 와우산로27길 43, 1층 (서교동)",02-3141-1084
766,홍대수약국,"서울특별시 마포구 홍익로3길 11, 1층 (서교동)",02-334-3005
767,홍대어울림약국,"서울특별시 마포구 어울마당로 128, 1층 (서교동)",02-332-9233
768,홍대참신한약국,"서울특별시 마포구 어울마당로 62, 1층 (서교동)",02-6368-5799
769,홍익약국,"서울특별시 마포구 양화로18길 7, 1층 (동교동)",02-337-5414
770,화곡부성약국,"서울특별시 강서구 곰달래로 223, 화곡동상가 104호 (화곡동)",02-722-7585
771,화랑온누리약국,서울특별시 노원구 공릉로 150 (공릉동) 1층,02-975-4151
772,화생약국,"서울특별시 동작구 노량진로6길 26, 1층 (노량진동)",02-813-1551
773,화성약국,서울특별시 성북구 오패산로 73 (하월곡동),02-913-8936
774,환승센터약국,"서울특별시 송파구 잠실로 지하 156, 잠실광역환승센터 지하1층 101호 (신천동)",02-424-2365
775,활명당약국,"서울특별시 서대문구 통일로 145-1, (냉천동)",02-363-2606
776,후생약국,서울특별시 송파구 마천로45길 15 (마천동),02-400-0614
777,휴베이스다정약국,"서울특별시 관악구 남부순환로 1944, 1층 (봉천동)",02-878-0222
778,휴베이스대학약국,"서울특별시 관악구 남부순환로 1603, 101호 (신림동)",02-888-7744
779,흥명약국,"서울특별시 동대문구 고산자로30길 56, (용두동)",02-963-0617
780,희망약국,"서울특별시 관악구 쑥고개로 53, 1층 (봉천동)",02-874-9488
781,희망약국,"서울특별시 노원구 동일로230가길 15, 103호 (상계동, 우방아파트상가)",02-939-9831
782,365구생약국,"서울특별시 은평구 통일로 739, 1층 (대조동)",02-353-1144
783,365그랜드약국,"서울특별시 금천구 시흥대로62길 29, 1층 (시흥동)",02-896-1223
784,365그린약국,"서울특별시 강서구 강서로 43, B104호 (화곡동, 도양라비앙타워)",02-2602-8006
785,365마트약국,"서울특별시 영등포구 영중로 125, 롯데마트 1층 (영등포동8가)",02-2633-4865
786,365열린약국,서울특별시 관악구 남부순환로 1615  (신림동),02-874-2332
787,365열린약국,"서울특별시 강서구 공항대로41길 52, 버들빌딩 1층 (등촌동)",02-3661-3650
788,365열린약국,"서울특별시 영등포구 영중로 119, 리마크빌 영등포 2층 204-2호 (영등포동8가)",02-2633-2800
789,365열린약국,"서울특별시 구로구 남부순환로97길 3, KS프리미어빌딩 105호 (개봉동)",02-3666-0784
790,365자양미소약국,"서울특별시 광진구 뚝섬로 606, 1층 (자양동)",02-453-7985
791,365정화약국,"서울특별시 노원구 상계로 59, 동익빌딩 1층 7,8호 (상계동)",02-935-4869
792,365종로약국,"서울특별시 동대문구 전농로 60-1, 1층 (답십리동)",02-2215-8704
793,365플러스약국,"서울특별시 동대문구 천호대로 133, 홈플러스 동대문점 지하2층 (용두동)",02-963-0110
794,7번약국,"서울특별시 강북구 도봉로 339, 1층 (수유동)",02-904-7773
795,7형제약국,"서울특별시 강동구 진황도로 179, 1층 (둔촌동)",02-478-9855
796,W스토아청와약국,서울특별시 구로구 디지털로 227 (가리봉동),02-855-1482
797,가까운약국,"서울특별시 영등포구 당산로 34, 로데오 ？ 쇼핑몰 1층 (문래동3가)",02-2671-8231
798,가까운약국,"서울특별시 은평구 통일로 738, 1층 3호 (불광동)",02-356-9813
799,가나안약국,"서울특별시 중랑구 봉우재로 39, (면목동)",02-434-9259
800,가산약국,서울특별시 금천구 가산로 116 (가산동),02-838-1158
801,강남구청역약국,"서울특별시 강남구 학동로 지하 346, 강남구청역 B1층 111호 (삼성동)",02-511-6252
802,강남보선약국,서울특별시 강남구 도곡로 516  (대치동),02-568-2310
803,강남새천년온누리약국,"서울특별시 강남구 도곡로 523, 1층 (대치동)",02-552-3524
804,강남세계로약국,"서울특별시 강남구 논현로 52, 남현빌딩 1층 (개포동)",02-572-2720
805,강남썬약국,"서울특별시 강남구 테헤란로4길 6, 강남역 센트럴 푸르지오 시티 1층 118호 (역삼동)",02-567-7637
806,강남씨티약국,"서울특별시 강남구 강남대로 416, 1층 (역삼동, 창림빌딩)",02-553-1608
807,강남웰약국,"서울특별시 강남구 강남대로 432, 점프밀라노 지하1층 101호 (역삼동)",02-6440-5656
808,강동성실약국,"서울특별시 강동구 진황도로 81, 강동투웨니퍼스트 1층 101호 (길동)",02-478-7001
809,강동태평양약국,서울특별시 강동구 양재대로 1343 (성내동),02-473-3377
810,강동한우리약국,서울특별시 강동구 올림픽로 778,02-481-3237
811,강림약국,서울특별시 동작구 시흥대로 668-2 (신대방동),02-832-8975
812,강서약국,"서울특별시 강서구 등촌로 75, 지덕빌딩 (등촌동)",02-2644-2154
813,강서종로약국,서울특별시 강서구 강서로 257  (내발산동),02-2606-8268
814,강서홈약국,"서울특별시 강서구 화곡로 398, 홈플러스강서점앤본사사옥 1층 (등촌동)",02-2659-1823
815,강원약국,"서울특별시 관악구 대학길 36, (신림동)",02-874-4575
816,개화약국,서울특별시 강서구 양천로 31,02-2662-8028
817,갤러리약국,서울특별시 강남구 학동로20길 55 106호,02-6227-5578
818,건강백세약국,서울특별시 중구 서소문로 12 (중림동),02-392-7855
819,건강약국,"서울특별시 관악구 남부순환로 1539, (신림동)",02-855-2883
820,건강약국,"서울특별시 영등포구 당산로 164, (당산동4가)",02-2631-6396
821,건강플러스약국,서울특별시 금천구 시흥대로 391  (독산동),02-890-8058
822,건강한약국,서울특별시 광진구 천호대로 655 (중곡동),02-945-6363
823,건강한약국,"서울특별시 동대문구 왕산로32길 7, 4층 6호 (용두동)",02-957-9784
824,건강한약국,"서울특별시 노원구 석계로9길 25, 1층 오른쪽점포호 (월계동)",02-919-1206
825,건대가온약국,"서울특별시 광진구 광나루로 410, 105호 (화양동, KCC파크타운)",02-453-4669
826,건대역약국,서울특별시 광진구 아차산로 218 (자양동),02-497-4337
827,건민약국,"서울특별시 노원구 동일로191길 23, 1층 (공릉동)",02-975-1254
828,경남약국,"서울특별시 양천구 목동서로 38, 상가A동 107호, 113호 (목동, 목동신시가지아파트1단지)",02-2647-3012
829,경애약국,서울특별시 동대문구 사가정로25길 18 (장안동),02-2212-8941
830,경인약국,서울특별시 용산구 새창로14길 50 (용문동),02-715-6083
831,경일약국,서울특별시 종로구 평창문화로 35  (평창동),02-391-3469
832,경하프라자약국,"서울특별시 은평구 서오릉로 157, (구산동)",02-385-7271
833,계산온누리약국,"서울특별시 성북구 동소문로20길 43, 1층 (동선동1가)",02-925-4551
834,고래약국,"서울특별시 마포구 신촌로 지하 90, 신촌역 B1 240-107호 (노고산동)",02-333-7967
835,고려약국,"서울특별시 강동구 천호대로 1125, (길동)",02-477-5257
836,고바우약국,서울특별시 송파구 마천로41길 21 (마천동),02-402-0730
837,고성희약국,서울특별시 금천구 금하로24길 57 ,02-808-3616
838,고연뿌리약국,"서울특별시 서초구 신반포로 지하 188, 지하1층 (반포동, 강남고속터미널역)",02-534-7500
839,고운마음약국,"서울특별시 강서구 양천로 500, 등촌동노블리움오피스텔 115호 (등촌동)",02-3663-7779
840,곰돌이스타약국,"서울특별시 서초구 방배로 226, 3층 303호 (방배동)",02-595-8795
841,관악이화약국,"서울특별시 관악구 봉천로 281, 1층(봉천동)",02-885-0456
842,광교약국,"서울특별시 종로구 청계천로 49, (관철동)",02-734-4690
843,광장온누리약국,"서울특별시 관악구 신림로 107, 1층 (신림동)",02-886-3509
844,광주약국,"서울특별시 동작구 동작대로 127, 1층 (사당동)",02-591-0075
845,광주약국,서울특별시 관악구 관악로 268,02-884-2000
846,광진제일큰약국,"서울특별시 광진구 자양로 164, 하림빌딩 1층 (구의동)",02-6215-2225
847,광해약국,서울특별시 광진구 능동로 298,02-447-8188
848,교보약국,서울특별시 관악구 남부순환로 1827 ,02-878-7582
849,구로2호선약국,"서울특별시 구로구 도림천로 477, 구로디지털단지역 지상1층 001호 (구로동)",070-7672-0012
850,구로종로약국,서울특별시 구로구 경인로 193  (오류동),02-2688-0155
851,구로프라자온누리약국,"서울특별시 구로구 개봉로 30 (개봉동, 로얄타워)",0226136044
852,구로행복약국,"서울특별시 관악구 조원로 20, 101호 (신림동)",02-868-1653
853,구산약국,"서울특별시 중랑구 공릉로2길 7, 구산빌딩 (묵동)",02-974-4925
854,구약국,서울특별시 관악구 관악로14길 52,02-872-7542
855,국일약국,서울특별시 종로구 종로16길 12 (관철동),02-2275-7225
856,국제약국,서울특별시 용산구 한강대로 290-1,02-794-0705
857,군자백화점약국,"서울특별시 광진구 천호대로 574, (능동)",02-3436-2088
858,굿모닝약국,서울특별시 서초구 신반포로 176,02-6282-1213
859,굿모닝약국,서울특별시 영등포구 여의대방로 379,02-783-9484
860,굿약국,"서울특별시 서초구 서초대로77길 24, 강남 지웰타워2 (서초동)",02-535-8233
861,그랜드약국,"서울특별시 광진구 아차산로29길 55, (화양동)",02-462-8447
862,그린약국,"서울특별시 강서구 수명로 78, 새롬프라자 104호 (내발산동)",02-2667-6643
863,그린약국,"서울특별시 관악구 남부순환로 1740, 명당빌딩 1층 (봉천동)",02-888-4959
864,금강온누리약국,서울특별시 영등포구 영중로 10-1 (영등포동3가),02-2678-5869
865,금성당약국,"서울특별시 광진구 긴고랑로 115, (중곡동)",02-444-0159
866,금성약국,"서울특별시 광진구 자양로 112, (구의동)",02-447-1500
867,금왕약국,"서울특별시 종로구 창신5길 19, (창신동)",02-763-5493
868,기린약국,서울특별시 서초구 잠원로 24 반포자이프라자상가 1층,050-71316-7241
869,기분좋은약국,"서울특별시 관악구 은천로 110, 1층 (봉천동, 더블유에스타워)",02-872-2378
870,기쁨약국,서울특별시 강남구 개포로 228,02-574-1087
871,기호약국,"서울특별시 광진구 군자로 25, (화양동)",02-463-8050
872,길동보룡약국,서울특별시 강동구 양재대로 1478 (길동),02-477-4114
873,김약국,서울특별시 양천구 지양로 75,02-2603-4285
874,나이스약국,"서울특별시 서초구 강남대로 421, 삼영빌딩 1층 (서초동)",02-594-0503
875,나인약국,"서울특별시 서초구 서초대로77길 3, 아라타워 124호 (서초동)",02-537-0999
876,나현약국,"서울특별시 노원구 상계로12길 41, (상계동)",02-936-7718
877,남구로약국,서울특별시 구로구 구로동로 33 (가리봉동),02-838-3104
878,노바약국,서울특별시 강남구 강남대로118길 51 ,02-542-3696
879,노원약국,"서울특별시 노원구 노해로 501, 노원빌딩 1층 103호 (상계동)",02-933-7832
880,녹수프라자약국,서울특별시 금천구 독산로 213,02-802-1510
881,녹십자약국,서울특별시 강서구 화곡로64길 78,02-3662-6143
882,녹십자약국,서울특별시 송파구 올림픽로 130  (잠실동),02-424-7434
883,논현밝은약국,"서울특별시 강남구 강남대로122길 10, 영흥빌딩 1층 일부호 (논현동)",02-2135-2846
884,논현필리아약국,서울특별시 강남구 선릉로 641,02-540-7582
885,뉴석계프라자약국,서울특별시 노원구 석계로 2,02-914-5555
886,뉴욕약국,서울특별시 강남구 테헤란로 107,070-4147-3039
887,뉴타운메디컬약국,"서울특별시 은평구 진관3로 70, 821동 상가 115호 (진관동, 은평뉴타운상림마을)",02-357-0777
888,뉴프라임약국,"서울특별시 송파구 송파대로 278, 1층 (가락동)",02-403-2638
889,늘한마음약국,"서울특별시 노원구 노해로 494, 1층 109호 (상계동)",02-3392-5406
890,다나약국,"서울특별시 용산구 후암로 43-2, 1층 (후암동)",02-753-0692
891,다나약국,"서울특별시 영등포구 가마산로 439-1, (신길동)",02-832-1205
892,다나약국,"서울특별시 서초구 효령로 229, 서울빌딩 1층 (서초동)",02-597-3514
893,다나약국,"서울특별시 마포구 대흥로 186-2, 1층 (대흥동)",02-715-3133
894,다나온누리약국,서울특별시 관악구 관악로 240 1층 (봉천동),02-886-4207
895,다마트약국,서울특별시 강서구 금낭화로 135,02-2665-0181
896,다산온누리약국,"서울특별시 중구 다산로 133-1, 1층 (신당동)",02-2233-5912
897,다정약국,서울특별시 노원구 한글비석로 332,02-951-5567
898,단골약국,서울특별시 동작구 보라매로 61-1 (신대방동),02-821-3157
899,단골온누리약국,서울특별시 종로구 지봉로 50 (숭인동),02-745-0731
900,당고개약국,"서울특별시 노원구 상계로 309-1, (상계동)",02-930-5142
901,대교약국,"서울특별시 송파구 가락로 153, 1층 (송파동)",02-414-8275
902,대남약국,서울특별시 동작구 상도로22길 26 (상도동),02-822-3502
903,대동약국,"서울특별시 관악구 관악로 185, 1층 (봉천동)",02-877-0453
904,대명약국,"서울특별시 영등포구 영신로19길 7, (영등포동)",02-844-5433
905,대성약국,서울특별시 관악구 청림길 8 (봉천동),02-877-3024
906,대영약국,"서울특별시 도봉구 도봉로129길 26, (쌍문동)",02-904-0403
907,대우당약국,서울특별시 동작구 상도로 102 (상도동),02-822-2682
908,대우사약국,서울특별시 중구 세종대로 22 (남대문로5가),02-753-2703
909,대원사약국,"서울특별시 중랑구 중랑역로 90, 대원메디컬빌딩 (중화동)",02-433-3400
910,대유약국,"서울특별시 서대문구 모래내로 359, (홍은동)",02-379-4415
911,대일약국,서울특별시 동작구 동작대로27길 22 (사당동),02-591-4655
912,대자연약국,"서울특별시 강동구 구천면로 291, (천호동)",02-474-7576
913,대중약국,"서울특별시 성동구 왕십리로 375-1, (하왕십리동)",02-2292-4418
914,대청약국,"서울특별시 강남구 개포로 623, 대청타워 106호 (개포동)",02-3412-0106
915,대치약국,"서울특별시 강남구 선릉로86길 42, 102호 (대치동)",02-6954-1778
916,대치필리아약국,서울특별시 강남구 도곡로63길 12  (대치동),02-508-6116
917,대풍약국,서울특별시 중구 동호로11길 43 (신당동),02-2252-3944
918,대풍약국,서울특별시 성동구 사근동길 6,02-2296-8899
919,대학당약국,서울특별시 관악구 원신길 2-1,02-878-7497
920,대학솔약국,"서울특별시 동대문구 안암로 158, 1층 (제기동)",02-923-3338
921,대흥365약국,"서울특별시 마포구 백범로 98, 1층 (대흥동)",02-713-2060
922,대흥약국,"서울특별시 영등포구 신길로39길 13, (신길동)",02-832-1894
923,더샾스타시티약국,서울특별시 광진구 아차산로 272  (자양동),02-2024-1311
924,더밝은약국,"서울특별시 성동구 마조로9길 15, 1층 (행당동)",02-2281-7923
925,더클래식약국,"서울특별시 광진구 능동로 90, 1층 104-2호 (자양동, 더클래식500)",02-455-4565
926,덕성그린약국,"서울특별시 강북구 삼양로 530, 1층 (우이동)",02-6397-9974
927,도곡타워약국,"서울특별시 강남구 언주로30길 21, B1층 101-24A호 (도곡동, 아카데미스위트)",02-529-2916
928,도래약국,서울특별시 송파구 마천로 341 (마천동),02-2236-1470
929,도봉태평양약국,서울특별시 도봉구 도봉로 821,02-955-6228
930,도영약국,"서울특별시 송파구 오금로 507, 거여빌딩 1층 (거여동)",02-404-7355
931,도원약국,"서울특별시 성동구 장터길 45-1, (금호동3가)",02-2252-3942
932,도일약국,"서울특별시 서초구 사평대로55길 10, (반포동)",02-548-2348
933,독산종로약국,서울특별시 금천구 독산로 360,02-839-8197
934,돌곶이온누리약국,"서울특별시 성북구 화랑로 248, 장위뉴타워 102호, 102-1호 (석관동)",02-967-5555
935,동경약국,"서울특별시 마포구 신촌로16길 4, 1층 101호 (노고산동)",02-334-7668
936,동광약국,서울특별시 동작구 동작대로 129 (사당동),02-534-7575
937,동남약국,"서울특별시 종로구 종로 124, (종로3가)",02-2273-3233
938,동남약국,"서울특별시 중랑구 신내로 45, 해성빌딩 1층 (신내동)",02-2207-3356
939,동명온누리약국,"서울특별시 강남구 선릉로64길 5 (대치동, 라이온스빌딩)",02-555-1950
940,동보약국,서울특별시 영등포구 영중로 22  (영등포동3가),02-2678-0362
941,동부약국,서울특별시 용산구 이촌로 245,02-795-6242
942,동서울약국,"서울특별시 광진구 강변역로 50, 동서울종합터미널 124호 (구의동)",02-452-0015
943,동성약국,"서울특별시 중랑구 겸재로 84, (면목동)",02-432-1653
944,동성약국,서울특별시 구로구 디지털로19길 51,02-854-3357
945,동아약국,"서울특별시 동대문구 서울시립대로 31, 102-119호 (전농동, 동아아파트)",02-2214-7937
946,동아약국,서울특별시 중랑구 동일로130길 52  (중화동),02-434-6683
947,동아약국,서울특별시 강남구 강남대로66길 14  (역삼동),02-539-7030
948,동의삼성약국,서울특별시 송파구 거마로22길 49  (마천동),02-400-2636
949,동해물약국,"서울특별시 서초구 동광로12가길 42, 1층 (방배동)",02-594-3141
950,동현약국,"서울특별시 강동구 양재대로127길 19, (천호동)",02-472-7722
951,두산약국,서울특별시 관악구 봉천로 391 (봉천동) ,02-888-2369
952,드림약국,"서울특별시 서초구 서초중앙로22길 8, 행림약품 1층 2호 (서초동)",02-522-5776
953,드림약국,"서울특별시 영등포구 영중로 15, 타임스퀘어 지하1층 128-2호 (영등포동4가)",02-2068-1636
954,디엠씨4번출구약국,서울특별시 은평구 수색로 지하 175 1층 003호,02-2039-0190
955,라미약국,"서울특별시 송파구 올림픽로8길 20, 잠실아이파크 1층 A115호 (잠실동)",02-412-0199
956,라온약국,"서울특별시 송파구 올림픽로 240, 잠실지하광장 지하도상가 1호 (잠실동)",02-3431-4485
957,래미안온누리약국,서울특별시 영등포구 당산로 214,02-2675-5250
958,로데오약국,서울특별시 양천구 신정중앙로23길 3,02-2606-2567
959,롱약국,"서울특별시 마포구 양화로 지하 55, 합정역 B1  238-105호 (서교동)",070-8098-4603
960,르씨엘약국,"서울특별시 강남구 학동로 215, 101호,107호 (논현동)",02-540-0047
961,리드팜힘찬약국,"서울특별시 관악구 은천로 109, 1층 (봉천동)",02-885-7422
962,마곡아임약국,"서울특별시 강서구 마곡중앙5로 6, 마곡나루역보타닉푸르지오시티 1층 102호 (마곡동)",07086158032
963,마곡하나약국,"서울특별시 강서구 강서로 385, 106호 (마곡동, 우성에스비타워)",02-3664-0319
964,마래푸약국,"서울특별시 마포구 신촌로34길 37, 1층 (아현동)",02-362-2080
965,마장백화점약국,"서울특별시 동대문구 고산자로 410, 1층 (용두동)",02-962-1161
966,마천푸른솔약국,"서울특별시 송파구 거마로 60, 1층(마천동)",02-409-6704
967,마트온누리약국,서울특별시 양천구 오목로 299,02-2651-3467
968,맑은샘약국,서울특별시 동대문구 천호대로83길 39 (장안동),02-422-5060
969,맑은약국,"서울특별시 강서구 양천로 600, 1층 (등촌동)",02-2083-0456
970,맑은약국,서울특별시 영등포구 당산로 42,02-2165-8210
971,맑은약국,서울특별시 구로구 경인로40길 47,02-2617-2190
972,맑음약국,"서울특별시 관악구 남부순환로 1635, 1층 (신림동)",02-877-0113
973,맘이편한약국,"서울특별시 관악구 신림로 357, 1층 (신림동)",02-888-8848
974,망원시장약국,"서울특별시 마포구 월드컵로13길 56, 1층 (망원동)",02-790-7527
975,매일여는약국,서울특별시 양천구 목동동로 233-1 (목동) ,02-2061-3650
976,매일여는약국,"서울특별시 마포구 월드컵북로 396, 누리꿈스퀘어 B1094호 (상암동)",02-2132-8365
977,매일여는약국,"서울특별시 중랑구 망우로 346, 101동 103호 (상봉동, 한일써너스빌)",02-434-2422
978,매일여는온누리약국,"서울특별시 송파구 백제고분로 187, 1층 103,104호 (잠실동, 파크인수)",02-3432-0365
979,메디칼건강약국,서울특별시 강서구 양천로 104 (방화동),02-2661-3337
980,메디칼바른약국,"서울특별시 구로구 공원로7길 40, 1층 (구로동, 대영빌딩)",02-866-1914
981,메디칼약국,"서울특별시 관악구 은천로25길 69, 1층(봉천동,삼성프라자)",02-883-4227
982,메디칼약국,"서울특별시 마포구 월드컵로14길 5, (서교동)",02-3141-4757
983,메디팜건강약국,"서울특별시 도봉구 도봉로 487, 1층 (쌍문동)",02-906-1800
984,메디팜건강약국,서울특별시 은평구 수색로 270-1,02-372-9791
985,메디팜금성약국,"서울특별시 양천구 남부순환로40가길 15-1, (신월동)",02-2605-7281
986,메디팜대안약국,서울특별시 금천구 시흥대로 352,02-803-8452
987,메디팜미래로약국,"서울특별시 용산구 청파로47길 40, (청파동2가)",02-713-8716
988,메디팜미래로약국,"서울특별시 강동구 천호대로 1467, (상일동)",02-426-4793
989,메디팜신마포약국,"서울특별시 마포구 창전로 45, 103동 108호 (창전동, 서강한화오벨리스크 단지내 상가)",02-706-7656
990,메디팜신정교약국,"서울특별시 양천구 신목로 36, 102호 (신정동, 대보빌딩)",02-2649-8275
991,메디팜엔비약국,"서울특별시 동작구 노량진로 152, . 1층 (노량진동)",02-811-7723
992,메디팜우리약국,"서울특별시 송파구 올림픽로 119, 1층 A12호 (잠실동, 파인애플상가 1층 A12호)",02-414-5747
993,메디팜은강약국,서울특별시 서초구 잠원로14길 29  (잠원동),02-593-3245
994,메디팜일진약국,서울특별시 성동구 용답중앙길 80-1 ,02-2245-3665
995,메디팜정다운약국,"서울특별시 강서구 마곡중앙5로 87, 107호 (마곡동, 우성르보아투)",02-2664-1088
996,메디팜정원약국,서울특별시 강동구 천호대로 1200,02-477-6126
997,메디피아약국,"서울특별시 강남구 강남대로 242, 1층(도곡동, 크리스탈빌딩)",02-3463-1547
998,면목백화점약국,서울특별시 중랑구 용마산로 328 (면목동),02-2207-4636
999,명생약국,서울특별시 송파구 백제고분로41길 31 (송파동),02-422-1394
1000,명성약국,서울특별시 마포구 월드컵로 87,02-332-4603
1001,명수약국,서울특별시 금천구 시흥대로138길 13,02-854-6846
1002,명신약국,서울특별시 금천구 탑골로 18 ,02-807-8767
1003,명심약국,서울특별시 강남구 개포로 207  (개포동),02-575-5867
1004,명일마트종로약국,"서울특별시 강동구 고덕로 276, 지하1층 (명일동, 이마트명일점)",02-428-7845
1005,명진팜약국,"서울특별시 강서구 마곡중앙로 161-17, 보타닉파크타워Ⅰ 110호 (마곡동)",02-6326-7353
1006,모두약국,"서울특별시 강남구 테헤란로 지하 156, B2층 219호 (역삼동)",02-508-0429
1007,목동세명약국,서울특별시 양천구 목동중앙북로 27,02-2645-7525
1008,목동행복한약국,서울특별시 양천구 목동동로 309 지하1층 (목동),02-6952-5777
1009,무궁화약국,"서울특별시 노원구 한글비석로 77, 한성여객(주) (하계동)",02-971-0072
1010,무지개약국,"서울특별시 광진구 뚝섬로 498-1, A,B동 1층 (자양동)",02-462-8604
1011,문약국,서울특별시 용산구 독서당로 67,02-793-2296
1012,미동약국,"서울특별시 강서구 월정로30길 52, (화곡동)",02-2602-4054
1013,미소가득한약국,서울특별시 마포구 월드컵북로 396,02-2636-6667
1014,미소약국,"서울특별시 도봉구 도봉로 678, 홈플러스데스코㈜방학점 지하2층 (방학동)",02-954-3119
1015,미주약국,"서울특별시 강서구 양천로6길 28, 상가동 108호 (방화동, 도시개발12단지아파트)",02-2665-7552
1016,민생약국,"서울특별시 강남구 언주로125길 6, (논현동)",02-547-7903
1017,민정약국,서울특별시 강북구 오패산로30길 41 (미아동),02-980-1244
1018,믿음약국,서울특별시 관악구 봉천로 534,02-888-2104
1019,바른메디칼약국,"서울특별시 강동구 상암로 31, 이에스타워 1층 (암사동)",02-3426-5384
1020,바른손약국,서울특별시 동대문구 휘경로 34 (휘경동),02-3295-4274
1021,바른약국,"서울특별시 영등포구 선유로 138, 롯데마트 양평점 지하1층 (양평동3가)",02-2633-2267
1022,바른약국,서울특별시 강북구 노해로 95-1,02-993-9663
1023,바른약국,"서울특별시 관악구 남부순환로 1714-1, (봉천동)",02-884-2850
1024,박순영온누리약국,"서울특별시 송파구 마천로7길 6, 오금대림아파트 117,118호 (오금동)",02-430-3371
1025,반석온누리약국,"서울특별시 영등포구 영등포로 33, 108호(양평동2가,비즈타워)",02-2632-9595
1026,반포프라자약국,"서울특별시 서초구 신반포로 329, 1층 5호 (잠원동)",02-549-3668
1027,발산그랜드약국,서울특별시 강서구 강서로 380,02-3663-7510
1028,밝은마음약국,"서울특별시 강남구 논현로 841, 제이비 미소빌딩 110호 (신사동)",02-6203-7770
1029,밝은약국,"서울특별시 은평구 불광로 27, 1층 (대조동)",02-386-7585
1030,방약국,"서울특별시 중랑구 면목로 260, 1층(면목동)",02-432-0596
1031,방이종로약국,서울특별시 송파구 마천로 29 (방이동),02-3431-0440
1032,방학세계로약국,"서울특별시 도봉구 방학로 159, (방학동)",02-956-3030
1033,방학약국,"서울특별시 도봉구 도봉로 729, (방학동)",02-955-8822
1034,백두약국,서울특별시 구로구 오류로8길 26 (오류동),02-2689-6576
1035,백상약국,"서울특별시 영등포구 국제금융로6길 30, 백상빌딩 1층 103호 (여의도동)",02-780-5414
1036,백세365약국,"서울특별시 강서구 마곡중앙로 55, 문영 퀸즈파크13 107호 (마곡동)",070-8829-0077
1037,백세약국,"서울특별시 중랑구 신내로 82, 1층 109호 (신내동, 금강빌딩)",02-3421-7015
1038,백세약국,서울특별시 도봉구 도당로15길 12,02-3492-9373
1039,백온누리약국,서울특별시 광진구 면목로 174 (중곡동),02-466-4696
1040,백운약국,서울특별시 도봉구 도봉로 468  (창동),02-906-0280
1041,백화점약국,"서울특별시 강북구 도봉로96길 11, 1층 (번동)",02-994-1282
1042,백화점약국,"서울특별시 종로구 종로 234-1, (종로5가)",02-2264-1161
1043,번동종로약국,"서울특별시 강북구 오현로34길 23-4, 104호 (번동, 현대하니타운)",02-981-2030
1044,번동프라자약국,서울특별시 강북구 한천로 940 (번동),02-904-2906
1045,벚꽃약국,"서울특별시 영등포구 국제금융로 10, 서울 국제금융 센터 지하2층 (여의도동)",02-6137-5207
1046,베스트약국,서울특별시 강남구 도곡로 423,02-569-8968
1047,보광프라자약국,"서울특별시 용산구 보광로 35, (보광동)",02-796-5244
1048,보라매온누리약국,서울특별시 동작구 보라매로 93 (신대방동),02-812-4881
1049,보룡약국,"서울특별시 노원구 동일로 1380, 상계동 국민은행 (상계동)",02-979-6000
1050,보림약국,서울특별시 동대문구 장한로 115 (장안동),02-2248-2082
1051,보생사약국,"서울특별시 영등포구 영등포로 400 1층 (신길동, 신성빌딩)",02-833-2289
1052,보은약국,서울특별시 광진구 영화사로 64-1,02-444-4145
1053,보화당약국,서울특별시 도봉구 노해로69길 15,02-995-2929
1054,봄내약국,서울특별시 관악구 신림동5길 31,02-882-8234
1055,비온뒤숲속약국,"서울특별시 마포구 월드컵로 111, (망원동)",02-332-3250
1056,비타민약국,서울특별시 금천구 독산로50길 84,02-892-5949
1057,비트플렉스약국,"서울특별시 성동구 왕십리광장로 17 (행당동, 비트플랙스내 2층 A05,06)",02-2200-1549
1058,사가정약국,"서울특별시 중랑구 사가정로51길 3, (면목동)",02-434-7234
1059,사당365약국,"서울특별시 관악구 과천대로 955, 1층 (남현동)",02-588-9050
1060,사당미소약국,"서울특별시 관악구 과천대로 939, 르메이에르강남타운2 3층 (남현동)",02-586-8009
1061,사당소화약국,"서울특별시 동작구 동작대로 7, 1층 (사당동)",02-521-3474
1062,사당역약국,"서울특별시 동작구 동작대로 지하 3, 사당역(4호선) (사당동)",02-582-4912
1063,사당프라자약국,"서울특별시 동작구 사당로 230-1, 1층 (사당동, 미래빌딩)",02-3474-4170
1064,사랑약국,"서울특별시 강북구 도봉로 186, 1층 (미아동)",02-993-7289
1065,삼성약국,서울특별시 관악구 신원로 21,02-855-4158
1066,삼성해든약국,"서울특별시 강남구 삼성로 520, 1층 (삼성동)",02-562-0361
1067,삼익약국,"서울특별시 동대문구 회기로29길 35, 1층 (휘경동)",02-963-5490
1068,삼일약국,서울특별시 강북구 삼양로 241,02-945-3132
1069,삼일약국,"서울특별시 성동구 장터길 49, (금호동3가)",02-2234-3529
1070,삼정약국,"서울특별시 용산구 원효로19길 72-1, 1층 (원효로3가)",02-712-4941
1071,삼화약국,서울특별시 금천구 은행나무로 12-1,02-803-4167
1072,상계1번약국,"서울특별시 노원구 한글비석로20길 23-1, 1층 (중계동)",02-938-1082
1073,상계하나로약국,서울특별시 노원구 한글비석로48길 13 (상계동),02-951-2188
1074,상도온누리약국,서울특별시 동작구 상도로 297 (상도1동),02-812-1322
1075,상록수약국,"서울특별시 강동구 고덕로10길 53, (암사동)",02-426-7977
1076,상보약국,서울특별시 성동구 동일로 83(성수동2가),02-463-7513
1077,상봉햇살약국,"서울특별시 중랑구 상봉로 118, E-마트 상봉점 4층 (망우동)",02-434-8678
1078,상산약국,"서울특별시 중구 퇴계로 435, 1층 (황학동)",02-2252-3354
1079,상아약국,"서울특별시 강북구 도봉로 143, 광명빌딩 1층 (미아동)",02-985-3211
1080,상아온누리약국,서울특별시 동작구 양녕로26길 22 (상도동),02-823-7931
1081,상지온누리약국,"서울특별시 강남구 선릉로93길 8, 1층 (역삼동)",02-554-0624
1082,새고운약국,"서울특별시 노원구 동일로 1003, 1층 (공릉동)",02-973-9286
1083,새대우약국,"서울특별시 성동구 용답25길 14, (용답동)",02-2245-6510
1084,새대우약국,"서울특별시 중랑구 동일로 852, (묵동)",02-973-3197
1085,새민우약국,"서울특별시 성북구 북악산로 845, 203동 301호 (정릉동, 정릉쌍용아파트)",02-917-4275
1086,새봄약국,"서울특별시 강북구 노해로 87, 1층 (수유동)",02-907-6200
1087,새빛약국,"서울특별시 강동구 고덕로 262, 고덕역 효성해링턴 타워 더퍼스트 1층 121호 (명일동)",02-441-0887
1088,새생명약국,서울특별시 강남구 삼성로146길 8 1층 (청담동),02-512-3389
1089,새성심약국,서울특별시 영등포구 양평로 102 ,02-2678-0139
1090,새시장약국,"서울특별시 중랑구 망우로62길 81, (망우동)",02-436-7554
1091,새실로암약국,서울특별시 강동구 양재대로 1619,02-427-1417
1092,새열린약국,"서울특별시 서초구 강남대로 449-3, 보보빌딩 1층 (서초동)",02-536-3037
1093,새우림약국,"서울특별시 중랑구 망우로62길 7, (망우동)",02-434-5614
1094,새인선약국,서울특별시 성동구 광나루로11길 41-1  (송정동),02-466-4159
1095,새종로약국,서울특별시 관악구 난곡로 264 (신림동),02-866-6245
1096,새중일약국,"서울특별시 송파구 오금로 306, 101호 (가락동, 가락스타클래스)",02-448-5186
1097,새천년약국,서울특별시 동작구 상도로 69 (대방동),02-815-5051
1098,새푸른약국,"서울특별시 관악구 쑥고개로 122, 1층 (봉천동)",02-879-0678
1099,새하늘약국,서울특별시 노원구 동일로 1308,02-971-0610
1100,새한약국,"서울특별시 강서구 등촌로 173, 1층 (등촌동)",02-2651-1577
1101,새휘정약국,서울특별시 강남구 학동로101길 26  (청담동),02-542-1910
1102,샌트럴이든약국,"서울특별시 노원구 덕릉로126길 2, B101호 (상계동)",02-930-0403
1103,샘물약국,서울특별시 노원구 노원로 43 (공릉동),02-971-2268
1104,샘약국,서울특별시 강남구 테헤란로 322  (역삼동),02-558-3347
1105,샘터약국,"서울특별시 마포구 효창원로97길 10, (공덕동)",02-718-3011
1106,샘터약국,서울특별시 서초구 서초중앙로 230  (반포동),02-591-1112
1107,생생온누리약국,"서울특별시 강남구 논현로 842, 압구정빌딩 1층 (신사동)",070-8888-3380
1108,샤로수약국,"서울특별시 관악구 관악로 164, 1층 110호 (봉천동, 대우디오슈페리움1단지)",02-877-4559
1109,서광약국,"서울특별시 서초구 남부순환로315길 104, (서초동)",02-585-6835
1110,서대문약국,"서울특별시 서대문구 통일로 177, 1층 (옥천동)",02-392-4932
1111,서부새생명약국,서울특별시 은평구 역말로 72 (역촌동),02-385-3685
1112,서부약국,"서울특별시 노원구 동일로 1551, 삼전빌딩 1층 101,102,107,108호 (상계동)",02-935-3424
1113,서울메디약국,서울특별시 강남구 역삼로 406  (대치동),02-501-5063
1114,서울위드팜약국,"서울특별시 종로구 대학로 119, 1, 2층 (명륜4가)",02-747-0500
1115,서울중앙약국,"서울특별시 용산구 청파로 378, 1층 (동자동)",02-313-4483
1116,서초늘봄약국,서울특별시 서초구 서초대로38길 12 ,02-581-7764
1117,서초당약국,"서울특별시 서초구 서초중앙로 107 (서초동, 삼화빌딩)",02-521-9443
1118,서초삼성약국,"서울특별시 서초구 서초대로74길 23, (서초동)",02-3474-0617
1119,서초제일약국,"서울특별시 서초구 방배로 111, 1층 (방배동, 근복빌딩)",02-583-7170
1120,서초프라자약국,"서울특별시 서초구 방배로 88, 1층 (방배동)",02-597-4959
1121,석산약국,서울특별시 성북구 오패산로1길 1 (하월곡동),02-912-2020
1122,선영약국,"서울특별시 성동구 마장로 187, 1층 (홍익동)",02-2294-3734
1123,설아약국,"서울특별시 강서구 마곡중앙6로 65, 지투프라자 1층 101호 (마곡동)",0507-1326-2189
1124,설약국,서울특별시 성동구 마조로1길 39(행당동),02-2294-8274
1125,설약국,"서울특별시 동작구 노량진로 124, 1층 (노량진동)",02-825-8272
1126,성대약국,서울특별시 동작구 성대로 11 (상도동),02-821-1519
1127,성보약국,"서울특별시 관악구 남부순환로208길 10, (봉천동)",02-885-4250
1128,성심온누리약국,"서울특별시 노원구 석계로 49 (월계동, 현대아파트 주상가 122호)",02-943-1651
1129,성지약국,"서울특별시 중랑구 공릉로12가길 52, (묵동)",02-972-9890
1130,세계로약국,"서울특별시 서초구 동작대로 38, (방배동)",02-3474-2599
1131,세계로약국,서울특별시 송파구 거마로 66 (마천동),02-402-0067
1132,세계로약국,서울특별시 성북구 화랑로40길 54 (석관동),02-962-5446
1133,세계로온누리약국,"서울특별시 광진구 아차산로 219, 삼영빌딩 1층 (화양동)",02-466-0253
1134,세곡온누리약국,"서울특별시 강남구 헌릉로569길 27, 2층 (세곡동)",070-8828-7963
1135,세브란스약국,서울특별시 동작구 동작대로25길 39 (사당동),02-593-1551
1136,세심약국,"서울특별시 성동구 마장로35길 76, 105-2 (마장동,현대아파트상가)",02-2282-5734
1137,세영약국,서울특별시 광진구 뚝섬로27길 65 (자양동),02-464-3577
1138,세원약국,"서울특별시 성북구 동소문로20가길 51 (동선동1가, 수국빌딩)",02-922-6060
1139,세종약국,서울특별시 강남구 밤고개로1길 22,02-459-9464
1140,세진약국,서울특별시 서초구 서초중앙로 125 (서초동) ,02-533-3528
1141,센츄럴팜약국,서울특별시 중구 한강대로 405  (봉래동2가),02-393-5505
1142,셀약국,"서울특별시 마포구 양화로 72, 1층 118호 (서교동)",02-337-7959
1143,소나무약국,"서울특별시 노원구 노원로 330, 롯데마트 지하1층 (중계동)",02-931-1996
1144,소나무약국,서울특별시 송파구 중대로 80  (문정동),02-402-4701
1145,소담약국,"서울특별시 종로구 성균관로 18, (명륜2가)",02-765-2126
1146,소망약국,"서울특별시 영등포구 영신로19길 23, (영등포동)",02-845-4054
1147,소망온누리약국,서울특별시 양천구 지양로 68 (신월동),02-2699-5662
1148,손약국,"서울특별시 영등포구 대림로21길 14, 상석빌딩 1층 (대림동)",02-832-3722
1149,송도약국,"서울특별시 강북구 도봉로 343, 야산빌딩 1층 (수유동)",02-908-4270
1150,송약국,"서울특별시 강서구 양천로 637, 104호(염창동,삼성아파트상가)",02-2659-2526
1151,송약국,"서울특별시 양천구 오목로 325, 지하1층 (목동)",02-2062-2575
1152,송파24약국,"서울특별시 송파구 송파대로 111, 하비오길 송파대로202동 161호 (문정동, 파크하비오)",02-400-1502
1153,송파그랜드약국,"서울특별시 송파구 문정로4길 14, 동산빌딩 1층 (문정동)",02-426-0610
1154,수락100세약국,서울특별시 노원구 동일로 1673 (상계동),02-937-2103
1155,수락프라자약국,서울특별시 노원구 동일로 1669 (상계동),02-935-7523
1156,수명약국,서울특별시 용산구 신흥로 141 (용산동2가),02-754-2697
1157,수범약국,"서울특별시 영등포구 경인로 835, (영등포동4가)",02-2678-2288
1158,수복약국,서울특별시 용산구 새창로12길 12 (도원동),02-714-0667
1159,수산약국,"서울특별시 영등포구 대림로34길 12, (대림동)",02-832-2994
1160,수산약국,"서울특별시 동작구 노들로 674, 노량진수산물도매시장 2층 (노량진동)",02-2254-8275
1161,수서역약국,서울특별시 강남구 광평로 지하 270 수서역 지하 1층 (수서동),02-3412-5533
1162,수서역정민아약국,"서울특별시 강남구 광평로56길 8-13, 1층 101호 (수서동, 수서타워)",02-3412-7655
1163,수성약국,"서울특별시 중랑구 신내로 115  (신내동, 신내10단지신내아파트)",02-3421-3649
1164,수약국,"서울특별시 강남구 선릉로69길 19  (역삼동, 역삼래미안아파트)",02-563-1601
1165,수유동약국,서울특별시 강북구 수유로 83 (수유동),02-903-1313
1166,수유온누리약국,서울특별시 강북구 도봉로 324 (번동),02-996-9777
1167,수유프라자약국,서울특별시 강북구 덕릉로 42 (수유동) ,02-985-0071
1168,수정약국,서울특별시 양천구 중앙로 276 (신정동),02-2644-3395
1169,숙명온누리약국,"서울특별시 용산구 청파로47길 66, (청파동2가)",02-717-6415
1170,숭실길약국,"서울특별시 동작구 상도로67길 31, 1층 (상도동)",02-2088-3043
1171,숭인약국,"서울특별시 강북구 도봉로 59, 1층 (미아동)",02-988-7196
1172,쉼표약국,"서울특별시 송파구 올림픽로 지하 265, 잠실역2호선 B1층 126호 (신천동)",070-8728-0008
1173,스마일온누리약국,서울특별시 성동구 뚝섬로 377  (성수동2가),02-462-3364
1174,스마트온누리약국,"서울특별시 서초구 강남대로53길 7, 강남애니타워 101호 (서초동)",02-523-0365
1175,스카이약국,서울특별시 강서구 하늘길 38,02-6116-1685
1176,스타시티약국,"서울특별시 광진구 아차산로 290, (자양동)",02-447-7439
1177,스타약국,"서울특별시 강동구 천호대로 1087, 2층 203호 (천호동, 진넥스빌Ⅲ)",02-470-7904
1178,스타약국,"서울특별시 서초구 강남대로 437, 대원빌딩 1층 (서초동)",02-3481-6688
1179,시대약국,"서울특별시 성동구 마장로 321, (마장동)",02-2292-8664
1180,시민당약국,서울특별시 강동구 양재대로 1479 (길동),02-476-8100
1181,시민약국,"서울특별시 종로구 자하문로 2, (적선동)",02-736-6512
1182,시온약국,서울특별시 용산구 독서당로 67 (한남동),02-790-7897
1183,시온약국,서울특별시 송파구 백제고분로27길 19 (삼전동),02-417-1365
1184,시원약국,"서울특별시 강북구 오패산로 413, 1층 (번동, 미니스톱)",02-904-1231
1185,시장약국,서울특별시 동작구 동작대로29길 17 (사당동),02-532-6210
1186,시티약국,"서울특별시 송파구 올림픽로 116, 1층 (잠실동)",02-3431-4115
1187,신논현비비약국,"서울특별시 강남구 강남대로 476, urbanhive 지하2층 (논현동)",02-542-8559
1188,신도림서진약국,"서울특별시 구로구 새말로 102, 신도림포스빌 135,136호 (구로동)",02-000-0000
1189,신도림역약국,"서울특별시 구로구 새말로 지하117-21, 2호선 신도림역 234-115호 (신도림동)",02-865-1575
1190,신동서약국,서울특별시 동대문구 약령시로 2-1 (제기동),02-924-3388
1191,신동아약국,"서울특별시 노원구 마들로3길 15, 월계이마트 2층 (월계동)",02-978-5344
1192,신라약국,서울특별시 성동구 광나루로11길 26-1(송정동),02-467-1192
1193,신림당약국,서울특별시 관악구 관천로 17,02-856-4755
1194,신명약국,서울특별시 은평구 은평로 226 (응암동),02-387-1835
1195,신미소약국,서울특별시 관악구 시흥대로 578 (신림동) ,02-855-9842
1196,신분당약국,"서울특별시 강남구 강남대로 지하 396, 23호 (역삼동, 신분당선 강남역내)",02-558-0803
1197,신사라라약국,"서울특별시 강남구 도산대로 131, 1층 일부호 (신사동)",02-515-7414
1198,신사약국,"서울특별시 강남구 도산대로 109, 1층 101호(신사동)",02-514-3704
1199,신사역365약국,"서울특별시 강남구 도산대로 지하102, 신사역 B1층 104호 (신사동)",070-8864-0704
1200,신사온누리약국,"서울특별시 강남구 강남대로 598, 보림빌딩 지하1층 (논현동)",02-518-6243
1201,신사웰약국,"서울특별시 강남구 강남대로 596, 극동빌딩 1층 (논현동)",02-541-8889
1202,신성약국,"서울특별시 중구 다산로 215, 경북여인숙 1층 (신당동)",02-2273-1390
1203,신세계약국,서울특별시 종로구 종로 124-1,02-945-2636
1204,신세계약국,서울특별시 은평구 진흥로12길 3 (녹번동),02-385-6537
1205,신세명약국,"서울특별시 영등포구 도림로 208, 101호 (대림동)",02-847-3058
1206,신우성약국,서울특별시 용산구 한강대로77길 10 (갈월동),02-714-5392
1207,신원약국,"서울특별시 서초구 강남대로10길 60-1, 101호 (양재동)",02-814-3334
1208,신이화약국,"서울특별시 성동구 용답중앙13길 2, 1층 (용답동)",02-2247-1509
1209,신일약국,"서울특별시 은평구 은평로 156, 1층 101호 (응암동)",02-388-0648
1210,신일약국,서울특별시 마포구 손기정로 54 (아현동) 1층,02-312-1741
1211,신중앙약국,서울특별시 동작구 흑석로 103 (흑석동),02-822-0443
1212,신중앙약국,서울특별시 중구 퇴계로 436 (신당동),02-2237-9602
1213,신지약국,서울특별시 관악구 신림로 105,02-882-2740
1214,신촌대로약국,"서울특별시 서대문구 신촌로 121, 아남오피스텔 1층 103호 (창천동)",02-6346-2882
1215,신평화약국,서울특별시 중구 청계천로 298  (신당동),02-2233-2587
1216,신화약국,서울특별시 관악구 관악로 153 (봉천동),02-885-2078
1217,십자당약국,"서울특별시 서초구 남부순환로339길 53, 1층 (서초동)",02-583-9482
1218,십자약국,"서울특별시 성북구 숭인로2길 82, 2층 (길음동)",02-988-5964
1219,쌍문약국,서울특별시 도봉구 도봉로 473-1,02-908-5945
1220,씨에이(CA)정문약국,"서울특별시 동작구 흑석로 108, 1~2층 (흑석동)",02-825-1122
1221,아라약국,"서울특별시 서초구 서초대로77길 3, 아라타워 1층 (110호 위치)호 (서초동)",02-530-8575
1222,아라타워아이약국,"서울특별시 서초구 서초대로77길 3, 1202호 (서초동, 아라타워)",070-4269-3370
1223,아름다운달과별약국,"서울특별시 은평구 통일로 855-8, (갈현동, 연신내진원와이타운)",02-3157-2088
1224,아름다운약국,"서울특별시 마포구 마포대로24길 56, 1층 (아현동, 보령빌딩)",02-3147-0433
1225,아름다운우리약국,서울특별시 강남구 논현로 327,02-564-7582
1226,아림약국,서울특별시 관악구 호암로26길 57,02-884-5221
1227,아이메디칼약국,"서울특별시 성북구 동소문로46길 18, 101호, 102호 (하월곡동, 삼전솔하임3차)",02-942-3365
1228,아이사랑태평양약국,"서울특별시 구로구 새말로 15, 102호,103호 (구로동, 삼전 솔하임)",02-853-3001
1229,아이약국,"서울특별시 중구 명동8가길 20, 1층 (충무로2가)",02-3789-9800
1230,아임약국,"서울특별시 서초구 강남대로 439, 1층 102호 (서초동, 유화빌딩)",02-532-8229
1231,아주약국,서울특별시 강동구 양재대로128길 9 ,02-482-3232
1232,아침햇살약국,"서울특별시 구로구 시흥대로 563, 동연빌딩 1층 (구로동)",02-858-4484
1233,아파트약국,"서울특별시 동대문구 천호대로 72, 1층 2호 (용두동)",02-923-3600
1234,안국온누리약국,서울특별시 강북구 한천로 1058 (수유동),02-900-3980
1235,안일약국,서울특별시 동작구 성대로 76 (상도동),02-823-0583
1236,알파약국,"서울특별시 서초구 사임당로 181, 102호 (서초동, 대일빌딩)",02-3473-0506
1237,암사제일약국,"서울특별시 강동구 올림픽로98길 15, LS지산빌딩 1층 101,102호 (암사동)",02-3427-5855
1238,암사현대약국,"서울특별시 강동구 올림픽로 777, (암사동)",02-481-1395
1239,압구정약국,서울특별시 강남구 선릉로 845  (신사동),02-543-0701
1240,압구정예주약국,"서울특별시 강남구 압구정로29길 65, 442빌딩 지하1층 (압구정동)",02-545-3819
1241,압구정퀸약국,"서울특별시 강남구 논현로 853, 1층 (신사동)",02-3447-1119
1242,애프터팜윤약국,"서울특별시 관악구 관악로 174, 102호 (봉천동)",050-71359-2927
1243,약사랑약국,"서울특별시 강남구 테헤란로 339, 1층 (역삼동)",02-2039-9112
1244,약산약국,서울특별시 영등포구 도신로54길 1,02-833-8932
1245,약손메디칼약국,"서울특별시 강남구 선릉로 227, 1층 (도곡동)",02-529-3010
1246,약수태평양약국,서울특별시 동작구 장승배기로 7 (상도동),02-812-7088
1247,양생약국,"서울특별시 관악구 남부순환로234길 27, (봉천동)",02-872-9954
1248,양원1번약국,"서울특별시 중랑구 양원역로10길 17, B동 102호 (망우동)",02-2207-0111
1249,양월약국,"서울특별시 강남구 개포로82길 13-11, 105호 (개포동)",02-2226-5987
1250,양재소화약국,서울특별시 강남구 남부순환로363길 17 (도곡동),02-575-3766
1251,엄마약국,서울특별시 영등포구 도림로41길 20,02-831-7070
1252,엄약국,"서울특별시 강동구 성내로14길 45, (성내동)",02-483-8979
1253,에메랄드약국,"서울특별시 강남구 도산대로 122, 에메랄드타워 1층 (논현동)",02-3443-0991
1254,에이원약국,"서울특별시 서초구 서초대로77길 17, BLOCK77 1층 102-2호 (서초동)",02-595-5581
1255,에이트약국,"서울특별시 서초구 강남대로 423, 한승빌딩 1층 (서초동)",02-534-8828
1256,엔티약국,"서울특별시 서초구 효령로 292, 서울남부터미널 117호 (서초동)",02-6405-5500
1257,엘림약국,"서울특별시 관악구 신림로 324, 1층 (신림동)",02-876-3304
1258,여의도씨티약국,"서울특별시 영등포구 여의대방로 375, 109호(여의도동,아일렉스타워)",02-784-8285
1259,여인선약국,"서울특별시 강동구 천호대로170길 28, (성내동)",02-488-5191
1260,연남약국,서울특별시 마포구 양화로21길 31  (동교동),02-336-1533
1261,연세약국,"서울특별시 마포구 성미산로10길 44, (서교동)",02-324-2148
1262,연세정약국,"서울특별시 성북구 화랑로 201 (장위동, 대영치과)",02-943-0900
1263,연세팜약국,"서울특별시 강남구 학동로4길 24, 101호 (논현동)",02-518-2338
1264,연신내메디칼약국,서울특별시 은평구 연서로 246  (불광동),02-355-6543
1265,연신종로약국,"서울특별시 은평구 연서로32길 3 (불광동, 남재빌딩)",02-359-4341
1266,연진약국,서울특별시 광진구 아차산로29길 12,02-462-3355
1267,열린약국,"서울특별시 구로구 고척로 142-1, (고척동)",02-2625-6040
1268,열린약국,"서울특별시 송파구 가락로 166, 1층 (송파동)",02-424-7048
1269,열린약국,"서울특별시 서초구 동작대로 130, (방배동)",02-532-9189
1270,열린온누리약국,"서울특별시 종로구 숭인동길 21  (숭인동, 종로청계힐스테이트)",02-2242-3552
1271,열린프라자약국,"서울특별시 강동구 천호대로170길 26, (성내동)",02-478-5214
1272,영등포21세기온누리약국,서울특별시 영등포구 당산로36길 12,02-2636-7588
1273,영인약국,"서울특별시 영등포구 도림로 188, 1층 (대림동)",02-844-8818
1274,영화당약국,서울특별시 성동구 사근동길 53 (사근동),02-2293-0180
1275,예전약국,"서울특별시 성동구 왕십리로20길 34, (홍익동)",02-2292-4642
1276,예주약국,서울특별시 관악구 남부순환로161길 75 (신림동),02-865-8492
1277,예하약국,"서울특별시 동작구 성대로 24, (상도동)",02-817-8303
1278,오렌지약국,"서울특별시 강남구 도산대로 124, 1층일부(논현동,대영빌딩)",02-518-2022
1279,오피앙약국,서울특별시 노원구 동일로 1701,02-932-1905
1280,온누리강변프라자약국,"서울특별시 광진구 광나루로56길 63 107,108,109호 (구의동)",02-3437-3027
1281,온누리건강약국,"서울특별시 송파구 양재대로 1222 (방이동, 올림픽프라자상가 2층 10호)",02-404-9620
1282,온누리대광약국,"서울특별시 영등포구 도림로38길 4, (대림동)",02-849-1330
1283,온누리대산약국,"서울특별시 관악구 시흥대로 560, 1층 (신림동)",02-853-4967
1284,온누리대웅약국,"서울특별시 송파구 마천로 345, 1층 (마천동)",02-852-2999
1285,온누리메디칼약국,서울특별시 광진구 아차산로 220 (자양동),02-461-0120
1286,온누리민우약국,서울특별시 성북구 돌곶이로22길 49 (석관동),02-969-4582
1287,온누리사랑의약국,"서울특별시 구로구 구로동로15길 17, (구로동)",02-862-2884
1288,온누리삼일약국,"서울특별시 강동구 구천면로42길 17, (천호동)",02-484-1216
1289,온누리새전일약국,서울특별시 관악구 법원단지길 37,02-859-2951
1290,온누리세종약국,서울특별시 동작구 동작대로7길 84 (사당동),02-584-3828
1291,온누리수경약국,서울특별시 관악구 난향길 4 (신림동),02-864-7311
1292,온누리약국,서울특별시 마포구 월드컵북로 126,02-322-3450
1293,올오케이약국,"서울특별시 광진구 천호대로 698, 진달래빌딩 3층 (구의동)",02-2201-9201
1294,옵티마상원약국,"서울특별시 마포구 월드컵로 75, 1층 (망원동)",02-322-8900
1295,옵티마세원약국,"서울특별시 관악구 쑥고개로 68, (봉천동)",02-887-1970
1296,완미약국,"서울특별시 광진구 자양로 194, (구의동)",02-457-3583
1297,왕약국,서울특별시 관악구 대학5길 17 (신림동),02-877-1333
1298,왕약국,서울특별시 송파구 백제고분로 261 (삼전동),02-2202-5941
1299,외대조은약국,"서울특별시 동대문구 휘경로 10, 1층 (이문동)",02-960-4983
1300,요나약국,서울특별시 강북구 솔샘로 254 (미아동),02-988-8834
1301,용상약국,"서울특별시 광진구 아차산로 626, (광장동)",02-457-9311
1302,용약국,서울특별시 용산구 대사관로24길 6 (한남동),02-794-5528
1303,용하약국,"서울특별시 성동구 용답중앙27길 6, 1층 (용답동)",02-2212-5911
1304,우당약국,"서울특별시 영등포구 국제금융로 108-6  (여의도동, 진주아파트)",02-761-1190
1305,우리네온누리약국,서울특별시 구로구 디지털로27길 116 (구로동),02-853-2614
1306,우리들약국,서울특별시 노원구 월계로 370,02-977-3225
1307,우리들약국,"서울특별시 성북구 동소문로46길 6, 1층 (하월곡동)",02-911-3336
1308,우리마을 홍제약국,"서울특별시 서대문구 통일로 440, (홍제동)",02-396-1136
1309,우리보건약국,"서울특별시 중랑구 사가정로51길 45, 우리보건약국, 민초원건강원 1층 (면목동)",02-433-8221
1310,우리약국,"서울특별시 종로구 옥인길 32-5, (옥인동)",02-738-9179
1311,우리약국,"서울특별시 마포구 숭문길 215, (대흥동)",02-715-7290
1312,우리약국,서울특별시 동작구 노량진로 155 (노량진동),02-826-5116
1313,우리캐슬약국,"서울특별시 금천구 시흥대로 291 (독산동, 금천롯데캐슬골드파크3차)",02-802-2455
1314,우리팜약국,"서울특별시 강서구 강서로 27, 1층 106호 (화곡동)",02-2602-1278
1315,우림약국,"서울특별시 강북구 삼양로 466, 1층 (수유동)",02-993-5921
1316,우성약국,서울특별시 노원구 한글비석로 463,02-936-6603
1317,우일약국,"서울특별시 관악구 난곡로24길 5, (신림동)",02-837-3006
1318,우정약국,서울특별시 강북구 삼양로77길 25(수유동),02-945-0975
1319,우정약국,"서울특별시 중랑구 망우로 428, 우정약국 1층 (망우동)",02-432-4927
1320,우주약국,서울특별시 강동구 양재대로 1571 홈플러스 지하 2층,02-481-5050
1321,우진당약국,"서울특별시 동대문구 사가정로13길 3, 1층 (전농동)",02-2244-7790
1322,우진약국,"서울특별시 강서구 곰달래로53가길 3, 우진타워빌딩 (화곡동)",02-2654-5225
1323,원약국,서울특별시 은평구 은평로 121  (응암동),02-388-6700
1324,원이약국,"서울특별시 마포구 와우산로 94, 제2기숙사 지하1층 B110호 (상수동)",02-333-3131
1325,원플러스약국,"서울특별시 중랑구 신내로 201, 1층 (신내동, 홈플러스 서울 신내점)",02-3422-6953
1326,월곡약국,서울특별시 성북구 화랑로11길 6 (하월곡동),02-913-2900
1327,월곡플러스약국,"서울특별시 성북구 화랑로 76, 코업스타클래스 지하1층 (하월곡동)",02-943-1432
1328,월드타워약국,"서울특별시 송파구 올림픽로 300, 지하1층 (신천동, 롯데마트월드타워점)",02-3213-2828
1329,월드팜약국,"서울특별시 강동구 진황도로 153, 101호 (둔촌동)",02-474-2820
1330,웰니스약국,"서울특별시 중구 명동10길 51, 나인트리호텔 1층 (충무로2가)",02-3789-5088
1331,웰빙서울온누리약국,서울특별시 광진구 뚝섬로 499 (자양동),02-497-3092
1332,위메이크약국,서울특별시 강남구 강남대로 422,02-553-7981
1333,유경약국,"서울특별시 서초구 방배중앙로 167, (방배동)",02-591-5027
1334,유니팜서울약국,"서울특별시 강남구 테헤란로 109, 1층 (역삼동, 강남제일빌딩)",02-556-7886
1335,유림약국,서울특별시 노원구 동일로230가길 15 (상계동),02-930-6858
1336,유명약국,서울특별시 영등포구 도신로60길 2,02-845-3780
1337,유명한약국,"서울특별시 성동구 독서당로 295, 1층 (금호동3가)",02-2237-5875
1338,유아약국,"서울특별시 금천구 시흥대로104길 14, (독산동)",02-804-0785
1339,유킹스파머시메디바움약국,"서울특별시 서초구 효령로 177, 1층 (서초동)",02-521-1288
1340,유한약국,서울특별시 송파구 올림픽로 104  (잠실동),02-421-5777
1341,유한약국,"서울특별시 강남구 논현로115길 71, 1층 101호 (논현동)",02-547-1696
1342,윤호약국,"서울특별시 송파구 마천로 311, 윤호약국 (마천동)",02-400-0148
1343,은약국,"서울특별시 도봉구 도봉로 473, (쌍문동)",02-992-4321
1344,은평자연약국,"서울특별시 은평구 서오릉로 162, 1층 103호 (갈현동)",02-389-1101
1345,은하약국,"서울특별시 서대문구 통일로 463, (홍제동)",02-394-7814
1346,은하약국,"서울특별시 서대문구 명지대3길 1, (남가좌동)",02-372-1513
1347,은혜약국,서울특별시 도봉구 도봉로118길 11 (창동),02-992-9191
1348,이대행복한약국,"서울특별시 서대문구 이화여대길 42, 1층 (대현동)",02-873-8881
1349,이도온누리약국,서울특별시 영등포구 당산로31길 6,02-2633-7167
1350,이문우량아약국,"서울특별시 동대문구 신이문로 27, 1층 101호 (이문동)",02-967-3025
1351,이수밝은약국,서울특별시 동작구 사당로 285(사당동),02-535-1738
1352,이수약국,"서울특별시 강서구 곰달래로25길 33, 101호 (화곡동)",02-2696-5878
1353,이수약국,"서울특별시 동작구 동작대로29길 24, 101호 (사당동, 정현빌딩)",02-534-8204
1354,이약국,서울특별시 종로구 지봉로 43,02-763-4197
1355,이오당약국,서울특별시 서초구 동산로6길 38  (양재동),02-577-1711
1356,이웃사랑약국,"서울특별시 동대문구 한천로46길 56-4, 101호 (장안동, 부성빌딩)",02-2217-5861
1357,이원약국,서울특별시 강북구 삼양로 244 (미아동),02-946-1958
1358,이정약국,"서울특별시 은평구 갈현로33길 27, (갈현동)",02-354-2195
1359,이준약국,"서울특별시 양천구 신월로 187, (신월동)",02-2695-6625
1360,이화매일약국,"서울특별시 서대문구 독립문로14길 3, 1층 107호 (냉천동)",02-362-5698
1361,이화메세나약국,"서울특별시 마포구 양화로 45, B105호 (서교동, 메세나폴리스몰)",02-332-5452
1362,이화온누리약국,"서울특별시 강동구 구천면로 233, 한양메디스퀘어 1층 109호 (천호동)",02-478-3561
1363,이화태평양약국,서울특별시 도봉구 덕릉로 239 (창동),02-991-8447
1364,인수당약국,"서울특별시 관악구 인헌17길 3, (봉천동)",02-877-8835
1365,인원약국,서울특별시 중구 중림로 2 (중림동),02-392-3881
1366,인정온누리약국,서울특별시 성북구 삼선교로 14 (삼선동1가),02-766-6733
1367,인제약국,"서울특별시 관악구 원신2길 17, 인제약국 (신림동)",02-877-8597
1368,일선약국,서울특별시 송파구 가락로11길 8  (석촌동),02-414-0847
1369,일심당약국,"서울특별시 강서구 강서로7길 90, (화곡동)",02-2602-0856
1370,일출약국,"서울특별시 마포구 독막로 85, 1층 (상수동)",02-333-3806
1371,일층가락약국,"서울특별시 송파구 양재대로 932, 105호 (가락동, 가락몰 관리업무동)",02-404-2101
1372,임상약국,서울특별시 용산구 이촌로18길 5,02-713-0493
1373,자명약국,서울특별시 구로구 디지털로 219 (가리봉동),02-867-6968
1374,자양하나약국,서울특별시 광진구 자양로9길 77,070-4400-6206
1375,자연애약국,"서울특별시 강남구 봉은사로 474  (삼성동, 쌍용 플래티넘)",02-567-8413
1376,자연약국,"서울특별시 양천구 신목로 102, 대경프라자 1층 104호 (목동)",02-2644-8018
1377,자연주의약국,서울특별시 중구 다산로 90 ,02-2235-0306
1378,자인당약국,서울특별시 노원구 노해로 506  (상계동),02-933-4956
1379,잠실미소약국,"서울특별시 송파구 올림픽로35가길 16, 홈플러스잠실점 B1층 (신천동)",02-418-4837
1380,장생약국,"서울특별시 노원구 섬밭로 263, 롯데상가1층 (중계동)",02-976-8992
1381,장수알파약국,"서울특별시 서초구 서초중앙로 38, 정원빌딩 1층 (서초동)",02-3487-4233
1382,장수약국,"서울특별시 영등포구 신풍로 46, (신길동)",02-843-2843
1383,정도약국,서울특별시 서대문구 북아현로 6 ,02-362-1561
1384,정릉열린약국,서울특별시 성북구 보국문로 40-3 (정릉동),02-911-2486
1385,정문온누리약국,서울특별시 은평구 진흥로 196,02-549-3003
1386,정민약국,"서울특별시 성동구 청계천로10다길 13, 1층 (마장동, 정민하우스)",02-2212-8762
1387,정성약국,"서울특별시 강동구 성내로 77, (성내동)",02-475-4313
1388,정성약국,"서울특별시 노원구 한글비석로 263, 성모빌딩 302-1호 (중계동)",02-939-6522
1389,정성약국,"서울특별시 종로구 종로 399, (숭인동)",02-923-1363
1390,정원약국,"서울특별시 중구 세종대로18길 10, (태평로2가)",02-755-5866
1391,정은약국,"서울특별시 서초구 방배중앙로 140, 1층 (방배동)",02-534-6641
1392,정제약국,"서울특별시 영등포구 도영로 49, (도림동)",02-842-3228
1393,정주약국,서울특별시 성북구 오패산로 63 (하월곡동),02-743-3635
1394,정진약국,"서울특별시 금천구 독산로64길 19, (독산동)",02-805-3541
1395,제당약국,서울특별시 동작구 국사봉길 97 (상도동),02-821-9417
1396,제일그랜드약국,서울특별시 강남구 강남대로 478,02-546-0093
1397,제일약국,서울특별시 종로구 삼봉로 74 (청진동),02-739-3447
1398,제정약국,"서울특별시 관악구 신림로 383, 1층 (신림동)",02-874-4360
1399,조은약국,서울특별시 동작구 동작대로 43 (사당동),02-583-2882
1400,조은우리약국,"서울특별시 광진구 자양로 109, 104호 (자양동)",02-453-4848
1401,조일약국,서울특별시 성북구 삼선교로10길 38 (삼선동1가),02-742-5083
1402,종각호약국,"서울특별시 종로구 종로 80-2, 삼양빌딩 1층 (종로2가)",02-6949-0940
1403,종대약국,"서울특별시 영등포구 도림로 352, (도림동)",02-846-4062
1404,종로광명약국,"서울특별시 강동구 구천면로 664, (상일동)",02-426-0787
1405,종로늘푸른약국,"서울특별시 관악구 신림로 137 (신림동, 조흥빌딩)",028850074
1406,종로세명약국,"서울특별시 도봉구 방학로 176, (방학동)",02-3492-9963
1407,종로수약국,"서울특별시 관악구 보라매로 4, 1층 (봉천동)",02-877-0789
1408,종로온누리약국,"서울특별시 종로구 종로 293, 1층 (창신동, 하나저축은행)",02-742-0900
1409,종로태평양 온누리약국,서울특별시 중랑구 동일로 917(묵동),02-979-0426
1410,종로프라자약국,"서울특별시 관악구 조원중앙로 20, (신림동)",02-866-7668
1411,종로프라자약국,"서울특별시 용산구 한강대로23길 55 (한강로3가, 이마트내)",02-2012-1276
1412,종로프라자약국,"서울특별시 도봉구 노해로65길 14-3, 1층 (창동)",02-907-4266
1413,종로프라자약국,서울특별시 종로구 자하문로 63  (옥인동),02-736-0806
1414,종로프라자약국,"서울특별시 동대문구 사가정로 226, 101호~104호 (장안동)",02-2242-2182
1415,종오약국,"서울특별시 마포구 만리재로 130, 1층 (공덕동)",02-514-4105
1416,종우약국,"서울특별시 광진구 뚝섬로 480, 1층 (자양동)",02-464-4756
1417,종원약국,서울특별시 강남구 강남대로118길 38  (논현동),02-548-8969
1418,좋은하루온누리약국,"서울특별시 양천구 목동동로 309, 행복한세상 킴스클럽 지하1층 (목동)",02-6952-5777
1419,주약국,"서울특별시 강서구 공항대로 23, (공항동)",02-2662-0431
1420,중경당약국,"서울특별시 동대문구 장한로 58, 1층 (장안동)",02-2246-1220
1421,중계상록수약국,"서울특별시 노원구 중계로 218, 원광빌딩 1층 102호 (중계동)",02-931-6528
1422,중곡종로약국,서울특별시 광진구 용마산로 46  (중곡동),02-2201-4321
1423,중앙약국,서울특별시 영등포구 경인로102길 13  (영등포동),02-2678-2268
1424,중앙약국,"서울특별시 강남구 선릉로 815, 1층 5호 (신사동, 신한양빌딩)",02-542-6354
1425,중외약국,서울특별시 강남구 학동로4길 35 (논현동),02-549-1771
1426,지니약국,"서울특별시 송파구 올림픽로 305, 잠실역8호선 지하1층 107, 108호 (신천동)",02-416-2023
1427,지민약국,서울특별시 성북구 삼선교로 87 (삼선동4가),02-953-5674
1428,지선약국,"서울특별시 마포구 월드컵북로 185, (성산동)",02-376-2534
1429,지안약국,"서울특별시 성동구 왕십리광장로 17, 왕십리민자역사 4층 OV3-1 호 (행당동)",02-2200-1577
1430,지영오행당약국,"서울특별시 종로구 성균관로 32-2, (명륜2가)",02-766-9438
1431,지하근화사약국,"서울특별시 중구 을지로 131, (을지로3가,지하상가 3-11)",02-2272-4986
1432,지하철약국,"서울특별시 송파구 올림픽로 지하 265 (잠실동, 잠실역지하상가 B-13호)",02-423-1919
1433,지현약국,서울특별시 영등포구 영등포로 399-5  (신길동),02-842-6905
1434,진선약국,서울특별시 강남구 선릉로 424  (대치동),02-567-0429
1435,진성온누리약국,서울특별시 도봉구 도봉로 681 (방학동),02-3494-5177
1436,진약국,"서울특별시 노원구 노해로 452, (상계동)",02-935-8266
1437,진약국,"서울특별시 광진구 동일로60길 14, (군자동)",02-467-1116
1438,진영약국,서울특별시 광진구 아차산로57길 42 (구의동),02-454-8827
1439,진주약국,서울특별시 광진구 자양로15길 9  (자양동),02-446-8279
1440,참마음약국,"서울특별시 마포구 양화로 73, (서교동)",02-3141-0258
1441,참사랑약국,"서울특별시 관악구 호암로26길 1, (신림동)",02-882-5618
1442,참사랑약국,"서울특별시 광진구 용마산로 23, 1층 (중곡동)",02-446-8543
1443,참약국,서울특별시 마포구 와우산로 149 1층,070-8163-2488
1444,참약사 장수약국,서울특별시 관악구 남부순환로 2062 (남현동),02-598-1955
1445,참약사플러스약국,서울특별시 중랑구 면목로 303(면목동),070-4647-4656
1446,참조은약국,"서울특별시 광진구 광나루로 366, (화양동)",02-467-8893
1447,참좋은약국,서울특별시 강남구 테헤란로87길 17,02-508-1363
1448,창대온누리약국,서울특별시 양천구 목동중앙북로 13-1 (목동),02-2653-6788
1449,창덕약국,서울특별시 노원구 동일로182길 20 (공릉동),02-972-2933
1450,창동남대문약국,"서울특별시 도봉구 덕릉로 223, (창동)",02-995-6005
1451,창동종로약국,"서울특별시 도봉구 노해로63길 84-3, 1층 (창동)",02-992-2376
1452,천사약국,"서울특별시 강동구 구천면로 297, (천호동)",02-482-8484
1453,천사온누리약국,서울특별시 동작구 서달로 146 (흑석동),02-812-3660
1454,천세약국,서울특별시 금천구 시흥대로 274,02-802-4303
1455,천수약국,서울특별시 강서구 가로공원로76길 63 (화곡동),02-2692-3552
1456,천수온누리약국,서울특별시 금천구 가산로 111 ,02-864-3897
1457,천호역자몽약국,"서울특별시 강동구 천호대로 지하997, 천호역 지하1층 547-121호 (천호동)",02-6484-6119
1458,청구약국,서울특별시 강북구 삼양로 255 (미아동),02-989-1449
1459,청년약국,"서울특별시 노원구 공릉로 213, 102동 103호 (공릉동, 동신아파트)",070-7763-3297
1460,청담와이약국,"서울특별시 강남구 압구정로 461, B104호 (청담동)",02-512-7262
1461,청룡중앙약국,"서울특별시 은평구 가좌로 233, 연희타워 103호 (응암동)",02-303-6550
1462,청백약국,"서울특별시 강북구 삼양로 623, 1층 (우이동)",02-993-2787
1463,청운약국,"서울특별시 관악구 양녕로 30, (봉천동)",02-877-7977
1464,청운약국,서울특별시 동대문구 휘경로23길 14 (휘경동),02-967-4548
1465,친절한약국,서울특별시 송파구 올림픽로32길 13 (방이동),02-421-6251
1466,케이약국,"서울특별시 강남구 도산대로12길 6, 1층 (논현동)",02-511-8806
1467,코끼리약국,"서울특별시 송파구 석촌호수로 78 (잠실동, 1층 30호)",02-420-2290
1468,코코온누리약국,서울특별시 강남구 강남대로 406 ,02-539-1500
1469,큰길약국,"서울특별시 강남구 강남대로 370, 지하1층 (역삼동)",02-553-1517
1470,타운약국,"서울특별시 은평구 통일로 855-8, 연신내진원와이타운 102호 (갈현동)",02-356-8647
1471,태림약국,"서울특별시 관악구 장군봉2길 2, (봉천동)",02-882-9961
1472,태양당약국,"서울특별시 관악구 국회단지길 10, 1층 (봉천동)",02-883-2176
1473,태양약국,"서울특별시 강서구 등촌로13길 31, (화곡동)",02-2651-9504
1474,태양약국,서울특별시 구로구 경인로 191 (오류동),02-2685-1017
1475,태창온누리약국,"서울특별시 관악구 쑥고개로 126-1, (봉천동)",02-889-6599
1476,태평양약국,서울특별시 성북구 보국문로16길 31 (정릉동),02-919-2525
1477,태평양약국,"서울특별시 마포구 홍익로 1, 1층 (서교동)",02-322-8344
1478,태평양약국,"서울특별시 서초구 중앙로 582, 103호 (우면동, 서초타워)",02-575-7220
1479,태평양약국,서울특별시 송파구 석촌호수로 100 (잠실동),02-2202-0949
1480,태평양약국,"서울특별시 관악구 남부순환로 1591, 1층 (신림동)",02-878-5109
1481,태평양온누리약국,"서울특별시 양천구 신월로 314, 1층 (신정동)",02-2652-9007
1482,테헤란건강약국,서울특별시 강남구 선릉로86길 17  (대치동),02-556-4166
1483,트리플약국,서울특별시 강남구 도산대로 108 (논현동) 1층 일부,02-517-5256
1484,튼튼약국,"서울특별시 중랑구 면목로 358, 1층 (면목동)",02-435-6985
1485,파랑새약국,"서울특별시 종로구 대학로 121, 1호, 2호 (명륜4가)",02-743-7735
1486,파마트엘지약국,"서울특별시 마포구 양화로 156, 116호(동교동,엘지팰리스빌딩)",02-326-1678
1487,파크약국,"서울특별시 강남구 도산대로50길 9, 1층 (논현동, 청석빌딩)",02-3443-5561
1488,팜메이트대학당약국,"서울특별시 서초구 서초중앙로22길 40, (서초동)",02-585-3092
1489,팜엑스약국,서울특별시 강남구 봉은사로 524  (삼성동),02-6002-3060
1490,팜코리아약국,"서울특별시 중랑구 면목로 352, (면목동)",02-433-8421
1491,팜코리아약국,"서울특별시 도봉구 도봉로 733, 1층 (도봉동)",02-955-7017
1492,팜코리아약국,"서울특별시 양천구 등촌로 26, 1층 101호 (목동)",02-2648-8003
1493,팜코리아약국,서울특별시 송파구 가락로 99 (석촌동),02-424-6167
1494,팜프라자약국,"서울특별시 노원구 동일로 1066, 1층 (공릉동)",02-6396-3003
1495,펜타약국,"서울특별시 강북구 도봉로 지하50, 미아사거리역 B1층 416-115호 (미아동)",02-501-7337
1496,평화약국,"서울특별시 동작구 남부순환로 2059, 1층 (사당동)",02-582-5353
1497,평화약국,서울특별시 관악구 남부순환로 1784,02-885-3575
1498,푸른온누리약국,"서울특별시 서초구 바우뫼로35길 22, 1층 (양재동)",02-571-8279
1499,풍납라파약국,서울특별시 송파구 바람드리길 33 (풍납동),02-488-8878
1500,프라자사랑약국,"서울특별시 광진구 능동로 315 (중곡동, 대남빌딩)",0222054000
1501,플러스약국,"서울특별시 종로구 종로 78, 1층 (종로2가, 미려빌딩)",02-733-4163
1502,플러스약국,"서울특별시 강남구 테헤란로 111, 대건빌딩 1층 일부호 (역삼동)",070-7783-4101
1503,플러스약국,서울특별시 구로구 경인로 661  (신도림동),02-3439-8855
1504,플러스엔약국,서울특별시 서초구 강남대로53길 7 ,02-511-7255
1505,필약국,"서울특별시 관악구 남부순환로 1605, 1층 (신림동)",02-6954-0579
1506,하나로온누리약국,"서울특별시 관악구 은천로 38, (봉천동)",02-875-8005
1507,하나약국,"서울특별시 강동구 양재대로 1466, 1층 102호 (길동)",02-436-2666
1508,하늘약국,"서울특별시 관악구 장군봉1길 56, 101호 (봉천동, 우형쇼핑센타)",02-877-6431
1509,하님약국,"서울특별시 노원구 한글비석로 410, 1층 (상계동)",02-939-1827
1510,하이팜약국,"서울특별시 은평구 통일로 1050, 롯데몰 은평점 2층 (진관동)",02-2097-2659
1511,하트약국,"서울특별시 종로구 대학로 128, 1층 (동숭동)",02-766-8991
1512,한겨레약국,"서울특별시 은평구 연서로 219, 1층(갈현동)",02-353-4005
1513,한결약국,"서울특별시 양천구 오목로 344 (목동, 청학빌딩)",02-2646-8842
1514,한국생약국,"서울특별시 관악구 쑥고개로 71, (봉천동)",02-878-2743
1515,한길약국,"서울특별시 성동구 동일로 261, 건국빌딩 1층 (송정동)",02-467-8231
1516,한길약국,"서울특별시 관악구 남부순환로 1739, (봉천동)",02-876-2861
1517,한독약국,서울특별시 종로구 동숭길 52,02-762-4636
1518,한독프라자약국,"서울특별시 구로구 구로동로26길 133, (구로동)",02-856-9843
1519,한사랑약국,"서울특별시 광진구 자양로 294-1, (구의동)",02-456-5961
1520,한사랑온누리약국,"서울특별시 동대문구 신이문로 41, 1층 (이문동)",02-969-0976
1521,한성약국,"서울특별시 서초구 신반포로 257 지하1층 (잠원동, 뉴타운)",02-537-1840
1522,한솔약국,서울특별시 송파구 백제고분로45길 5 (송파동),02-415-8087
1523,한울약국,서울특별시 양천구 오목로 299,02-2651-8647
1524,한중약국,"서울특별시 영등포구 도림로 144, 88월드타워 104호 (대림동)",02-849-5400
1525,한중약국,서울특별시 구로구 구로동로 8  (가리봉동),02-863-8575
1526,합격약국,서울특별시 동작구 만양로14길 57 (노량진동),02-3280-2680
1527,합정365약국,"서울특별시 마포구 독막로 14, 1층 (합정동)",02-6407-3031
1528,합정동산약국,"서울특별시 마포구 양화로 45, C-17호 (서교동, 홈플러스합정점)",02-338-0026
1529,합정스타약국,"서울특별시 마포구 양화로 지하45, 합정역 B1층 109호 (합정동)",02-323-0202
1530,해맑은약국,서울특별시 강남구 남부순환로363길 13,02-571-0029
1531,해인약국,"서울특별시 광진구 아차산로33길 63, 1층 (화양동)",02-467-2519
1532,햇살약국,"서울특별시 강동구 동남로71길 32, 환타지아 103호 (명일동)",024417716
1533,행복나무약국,"서울특별시 강동구 천호대로157길 54, 1층 (천호동)",02-487-8880
1534,행복한수약국,서울특별시 강남구 강남대로 446,02-558-7430
1535,행복한약국,"서울특별시 성북구 보문로34길 59, 1층(동선동1가)",02-927-8253
1536,행운약국,서울특별시 종로구 대명길 21-2(명륜4가),02-765-9997
1537,헤르바당산역약국,"서울특별시 영등포구 양평로 지하 40, 당산역 지하1층 (당산동6가)",02-2636-3398
1538,헬로팜약국,"서울특별시 송파구 올림픽로12길 5, 정호빌딩 (잠실동)",02-415-1121
1539,현우약국,"서울특별시 서대문구 연세로 29-1, 1층 (창천동)",02-334-3979
1540,형제약국,"서울특별시 금천구 금하로 707, (시흥동)",02-803-4973
1541,혜중약국,서울특별시 동대문구 이문로 186 (이문동),02-967-6692
1542,호림약국,"서울특별시 광진구 동일로30길 28, (화양동)",02-468-1027
1543,호수약국,"서울특별시 송파구 송파대로49길 52, A동 102호 (석촌동)",02-415-8852
1544,호원약국,서울특별시 강남구 언주로108길 15  (역삼동),02-567-5534
1545,호원엠약국,"서울특별시 강동구 성내로 66, 채원빌딩 (성내동)",02-488-1512
1546,호호약국,"서울특별시 관악구 남부순환로 1595, 1층 (신림동)",02-882-2633
1547,홍대365약국,"서울특별시 마포구 와우산로27길 43, 1층 (서교동)",02-3141-1084
1548,홍대수약국,"서울특별시 마포구 홍익로3길 11, 1층 (서교동)",02-334-3005
1549,홍대어울림약국,"서울특별시 마포구 어울마당로 128, 1층 (서교동)",02-332-9233
1550,홍대참신한약국,"서울특별시 마포구 어울마당로 62, 1층 (서교동)",02-6368-5799
1551,홍익약국,"서울특별시 마포구 양화로18길 7, 1층 (동교동)",02-337-5414
1552,화곡부성약국,"서울특별시 강서구 곰달래로 223, 화곡동상가 104호 (화곡동)",02-722-7585
1553,화랑온누리약국,서울특별시 노원구 공릉로 150 (공릉동) 1층,02-975-4151
1554,화생약국,"서울특별시 동작구 노량진로6길 26, 1층 (노량진동)",02-813-1551
1555,화성약국,서울특별시 성북구 오패산로 73 (하월곡동),02-913-8936
1556,환승센터약국,"서울특별시 송파구 잠실로 지하 156, 잠실광역환승센터 지하1층 101호 (신천동)",02-424-2365
1557,활명당약국,"서울특별시 서대문구 통일로 145-1, (냉천동)",02-363-2606
1558,후생약국,서울특별시 송파구 마천로45길 15 (마천동),02-400-0614
1559,휴베이스다정약국,"서울특별시 관악구 남부순환로 1944, 1층 (봉천동)",02-878-0222
1560,휴베이스대학약국,"서울특별시 관악구 남부순환로 1603, 101호 (신림동)",02-888-7744
1561,흥명약국,"서울특별시 동대문구 고산자로30길 56, (용두동)",02-963-0617
1562,희망약국,"서울특별시 관악구 쑥고개로 53, 1층 (봉천동)",02-874-9488
1563,희망약국,"서울특별시 노원구 동일로230가길 15, 103호 (상계동, 우방아파트상가)",02-939-9831
